FlightID,Airline,ScheduledDeparture,ActualDeparture,Gate,DelayMinutes,DeparturePlace,DestinationPlace
FL1000,Air India,2025-08-28 05:00:00,2025-08-28 05:10:00,G15,10,Dubai,Paris
FL1001,Etihad,2025-08-28 05:30:00,2025-08-28 05:45:00,G7,15,Dubai,Istanbul
FL1002,Emirates,2025-08-28 06:00:00,2025-08-28 06:25:00,G11,25,Dubai,Chicago
FL1003,Air India,2025-08-28 06:30:00,2025-08-28 06:30:00,G6,0,Dubai,Toronto
FL1004,Singapore Airlines,2025-08-28 07:00:00,2025-08-28 07:15:00,G15,15,Dubai,Singapore
FL1005,Lufthansa,2025-08-28 07:30:00,2025-08-28 08:05:00,G5,35,Dubai,Frankfurt
FL1006,Qatar Airways,2025-08-28 08:00:00,2025-08-28 08:40:00,G19,40,Dubai,Cape Town
FL1007,Etihad,2025-08-28 08:30:00,2025-08-28 09:10:00,G6,40,Dubai,New York
FL1008,Qatar Airways,2025-08-28 09:00:00,2025-08-28 09:35:00,G1,35,Dubai,Bangkok
FL1009,Turkish Airlines,2025-08-28 09:30:00,2025-08-28 09:40:00,G18,10,Dubai,Frankfurt
FL1010,Singapore Airlines,2025-08-28 10:00:00,2025-08-28 10:20:00,G18,20,Dubai,London
FL1011,Emirates,2025-08-28 10:30:00,2025-08-28 11:10:00,G8,40,Dubai,Singapore
FL1012,Etihad,2025-08-28 11:00:00,2025-08-28 11:25:00,G12,25,Dubai,Frankfurt
FL1013,Lufthansa,2025-08-28 11:30:00,2025-08-28 11:40:00,G2,10,Dubai,Amsterdam
FL1014,Qatar Airways,2025-08-28 12:00:00,2025-08-28 12:00:00,G9,0,Dubai,Toronto
FL1015,British Airways,2025-08-28 12:30:00,2025-08-28 12:50:00,G15,20,Dubai,Los Angeles
FL1016,Turkish Airlines,2025-08-28 13:00:00,2025-08-28 13:40:00,G19,40,Dubai,Istanbul
FL1017,Emirates,2025-08-28 13:30:00,2025-08-28 14:30:00,G9,60,Dubai,Istanbul
FL1018,British Airways,2025-08-28 14:00:00,2025-08-28 15:00:00,G2,60,Dubai,Bangkok
FL1019,Air India,2025-08-28 14:30:00,2025-08-28 14:45:00,G12,15,Dubai,Delhi
FL1020,Air India,2025-08-28 15:00:00,2025-08-28 15:40:00,G8,40,Dubai,Hong Kong
FL1021,British Airways,2025-08-28 15:30:00,2025-08-28 15:50:00,G14,20,Dubai,Delhi
FL1022,Turkish Airlines,2025-08-28 16:00:00,2025-08-28 16:30:00,G13,30,Dubai,Zurich
FL1023,Air India,2025-08-28 16:30:00,2025-08-28 17:30:00,G20,60,Dubai,Mumbai
FL1024,Air India,2025-08-28 17:00:00,2025-08-28 17:30:00,G12,30,Dubai,Paris
FL1025,Qatar Airways,2025-08-28 17:30:00,2025-08-28 18:10:00,G4,40,Dubai,Tokyo
FL1026,Turkish Airlines,2025-08-28 18:00:00,2025-08-28 18:35:00,G3,35,Dubai,Frankfurt
FL1027,Air India,2025-08-28 18:30:00,2025-08-28 19:00:00,G20,30,Dubai,Amsterdam
FL1028,Singapore Airlines,2025-08-28 19:00:00,2025-08-28 19:30:00,G12,30,Dubai,Toronto
FL1029,Lufthansa,2025-08-28 19:30:00,2025-08-28 19:45:00,G15,15,Dubai,Cape Town
FL1030,Lufthansa,2025-08-28 20:00:00,2025-08-28 20:25:00,G19,25,Dubai,Los Angeles
FL1031,Lufthansa,2025-08-28 20:30:00,2025-08-28 20:50:00,G9,20,Dubai,Amsterdam
FL1032,Singapore Airlines,2025-08-28 21:00:00,2025-08-28 21:10:00,G16,10,Dubai,Cape Town
FL1033,Air India,2025-08-28 21:30:00,2025-08-28 21:55:00,G19,25,Dubai,Singapore
FL1034,Etihad,2025-08-28 22:00:00,2025-08-28 22:10:00,G7,10,Dubai,Toronto
FL1035,Singapore Airlines,2025-08-28 22:30:00,2025-08-28 22:45:00,G1,15,Dubai,Chicago
FL1036,Turkish Airlines,2025-08-28 23:00:00,2025-08-28 23:00:00,G15,0,Dubai,Los Angeles
FL1037,Qatar Airways,2025-08-28 23:30:00,2025-08-28 23:40:00,G11,10,Dubai,New York
FL1038,Qatar Airways,2025-08-29 00:00:00,2025-08-29 00:35:00,G9,35,Dubai,Toronto
FL1039,Air India,2025-08-29 00:30:00,2025-08-29 00:45:00,G5,15,Dubai,Istanbul
FL1040,Etihad,2025-08-29 01:00:00,2025-08-29 01:35:00,G16,35,Dubai,Doha
FL1041,Etihad,2025-08-29 01:30:00,2025-08-29 01:40:00,G17,10,Dubai,Chicago
FL1042,British Airways,2025-08-29 02:00:00,2025-08-29 02:25:00,G8,25,Dubai,Paris
FL1043,Turkish Airlines,2025-08-29 02:30:00,2025-08-29 02:40:00,G8,10,Dubai,Cape Town
FL1044,Singapore Airlines,2025-08-29 03:00:00,2025-08-29 03:00:00,G20,0,Dubai,Sydney
FL1045,Etihad,2025-08-29 03:30:00,2025-08-29 03:50:00,G16,20,Dubai,Istanbul
FL1046,Singapore Airlines,2025-08-29 04:00:00,2025-08-29 04:00:00,G4,0,Dubai,Cape Town
FL1047,Etihad,2025-08-29 04:30:00,2025-08-29 04:50:00,G10,20,Dubai,Bangkok
FL1048,Air India,2025-08-29 05:00:00,2025-08-29 05:00:00,G11,0,Dubai,Tokyo
FL1049,Lufthansa,2025-08-29 05:30:00,2025-08-29 06:00:00,G1,30,Dubai,Amsterdam
FL1050,Air India,2025-08-29 06:00:00,2025-08-29 06:25:00,G17,25,Dubai,Amsterdam
FL1051,Turkish Airlines,2025-08-29 06:30:00,2025-08-29 07:00:00,G18,30,Dubai,Cape Town
FL1052,Air India,2025-08-29 07:00:00,2025-08-29 07:00:00,G5,0,Dubai,Chicago
FL1053,British Airways,2025-08-29 07:30:00,2025-08-29 08:00:00,G20,30,Dubai,Tokyo
FL1054,Lufthansa,2025-08-29 08:00:00,2025-08-29 09:00:00,G2,60,Dubai,Toronto
FL1055,Qatar Airways,2025-08-29 08:30:00,2025-08-29 08:50:00,G3,20,Dubai,Chicago
FL1056,British Airways,2025-08-29 09:00:00,2025-08-29 09:40:00,G8,40,Dubai,Rome
FL1057,Qatar Airways,2025-08-29 09:30:00,2025-08-29 09:40:00,G2,10,Dubai,Cape Town
FL1058,Air India,2025-08-29 10:00:00,2025-08-29 10:40:00,G3,40,Dubai,New York
FL1059,Lufthansa,2025-08-29 10:30:00,2025-08-29 11:05:00,G9,35,Dubai,Zurich
FL1060,Air India,2025-08-29 11:00:00,2025-08-29 11:25:00,G15,25,Dubai,Istanbul
FL1061,Singapore Airlines,2025-08-29 11:30:00,2025-08-29 11:40:00,G16,10,Dubai,Delhi
FL1062,Qatar Airways,2025-08-29 12:00:00,2025-08-29 12:15:00,G16,15,Dubai,Mumbai
FL1063,British Airways,2025-08-29 12:30:00,2025-08-29 12:50:00,G6,20,Dubai,Tokyo
FL1064,Air India,2025-08-29 13:00:00,2025-08-29 13:15:00,G15,15,Dubai,Chicago
FL1065,Etihad,2025-08-29 13:30:00,2025-08-29 13:30:00,G3,0,Dubai,Mumbai
FL1066,Air India,2025-08-29 14:00:00,2025-08-29 14:15:00,G9,15,Dubai,Singapore
FL1067,Air India,2025-08-29 14:30:00,2025-08-29 14:45:00,G14,15,Dubai,Hong Kong
FL1068,Singapore Airlines,2025-08-29 15:00:00,2025-08-29 15:30:00,G1,30,Dubai,Amsterdam
FL1069,Lufthansa,2025-08-29 15:30:00,2025-08-29 15:50:00,G14,20,Dubai,Cape Town
FL1070,Turkish Airlines,2025-08-29 16:00:00,2025-08-29 16:15:00,G15,15,Dubai,Mumbai
FL1071,Air India,2025-08-29 16:30:00,2025-08-29 17:30:00,G5,60,Dubai,Paris
FL1072,Etihad,2025-08-29 17:00:00,2025-08-29 17:00:00,G15,0,Dubai,Los Angeles
FL1073,Etihad,2025-08-29 17:30:00,2025-08-29 18:05:00,G18,35,Dubai,Rome
FL1074,Etihad,2025-08-29 18:00:00,2025-08-29 18:40:00,G10,40,Dubai,London
FL1075,Qatar Airways,2025-08-29 18:30:00,2025-08-29 18:50:00,G15,20,Dubai,Frankfurt
FL1076,Turkish Airlines,2025-08-29 19:00:00,2025-08-29 19:25:00,G2,25,Dubai,London
FL1077,Air India,2025-08-29 19:30:00,2025-08-29 19:30:00,G18,0,Dubai,Hong Kong
FL1078,Qatar Airways,2025-08-29 20:00:00,2025-08-29 21:00:00,G12,60,Dubai,Cape Town
FL1079,Turkish Airlines,2025-08-29 20:30:00,2025-08-29 21:10:00,G18,40,Dubai,Frankfurt
FL1080,Singapore Airlines,2025-08-29 21:00:00,2025-08-29 21:10:00,G8,10,Dubai,Tokyo
FL1081,British Airways,2025-08-29 21:30:00,2025-08-29 21:40:00,G18,10,Dubai,New York
FL1082,Singapore Airlines,2025-08-29 22:00:00,2025-08-29 22:25:00,G19,25,Dubai,Zurich
FL1083,Turkish Airlines,2025-08-29 22:30:00,2025-08-29 23:30:00,G16,60,Dubai,Istanbul
FL1084,Emirates,2025-08-29 23:00:00,2025-08-29 23:20:00,G5,20,Dubai,Doha
FL1085,Emirates,2025-08-29 23:30:00,2025-08-29 23:45:00,G7,15,Dubai,Frankfurt
FL1086,Singapore Airlines,2025-08-30 00:00:00,2025-08-30 00:25:00,G17,25,Dubai,Sydney
FL1087,Etihad,2025-08-30 00:30:00,2025-08-30 01:00:00,G3,30,Dubai,Cape Town
FL1088,Qatar Airways,2025-08-30 01:00:00,2025-08-30 01:25:00,G2,25,Dubai,Istanbul
FL1089,Etihad,2025-08-30 01:30:00,2025-08-30 01:40:00,G10,10,Dubai,Hong Kong
FL1090,Air India,2025-08-30 02:00:00,2025-08-30 02:25:00,G13,25,Dubai,Hong Kong
FL1091,British Airways,2025-08-30 02:30:00,2025-08-30 03:30:00,G17,60,Dubai,Singapore
FL1092,Emirates,2025-08-30 03:00:00,2025-08-30 03:40:00,G19,40,Dubai,Tokyo
FL1093,British Airways,2025-08-30 03:30:00,2025-08-30 03:55:00,G10,25,Dubai,Hong Kong
FL1094,Qatar Airways,2025-08-30 04:00:00,2025-08-30 04:35:00,G19,35,Dubai,Cape Town
FL1095,British Airways,2025-08-30 04:30:00,2025-08-30 05:10:00,G8,40,Dubai,Bangkok
FL1096,Singapore Airlines,2025-08-30 05:00:00,2025-08-30 05:40:00,G17,40,Dubai,Toronto
FL1097,Turkish Airlines,2025-08-30 05:30:00,2025-08-30 05:45:00,G10,15,Dubai,Delhi
FL1098,Singapore Airlines,2025-08-30 06:00:00,2025-08-30 06:20:00,G17,20,Dubai,Los Angeles
FL1099,Emirates,2025-08-30 06:30:00,2025-08-30 07:30:00,G16,60,Dubai,Rome
FL1100,Singapore Airlines,2025-08-30 07:00:00,2025-08-30 07:40:00,G14,40,Dubai,Istanbul
FL1101,Etihad,2025-08-30 07:30:00,2025-08-30 07:50:00,G14,20,Dubai,Tokyo
FL1102,Qatar Airways,2025-08-30 08:00:00,2025-08-30 08:30:00,G20,30,Dubai,Sydney
FL1103,Emirates,2025-08-30 08:30:00,2025-08-30 08:50:00,G7,20,Dubai,Frankfurt
FL1104,Singapore Airlines,2025-08-30 09:00:00,2025-08-30 09:40:00,G5,40,Dubai,Toronto
FL1105,Air India,2025-08-30 09:30:00,2025-08-30 10:30:00,G6,60,Dubai,Zurich
FL1106,Turkish Airlines,2025-08-30 10:00:00,2025-08-30 10:25:00,G18,25,Dubai,Delhi
FL1107,Air India,2025-08-30 10:30:00,2025-08-30 11:05:00,G16,35,Dubai,Doha
FL1108,Singapore Airlines,2025-08-30 11:00:00,2025-08-30 11:30:00,G10,30,Dubai,Toronto
FL1109,British Airways,2025-08-30 11:30:00,2025-08-30 11:40:00,G2,10,Dubai,Delhi
FL1110,British Airways,2025-08-30 12:00:00,2025-08-30 12:40:00,G1,40,Dubai,New York
FL1111,Lufthansa,2025-08-30 12:30:00,2025-08-30 12:50:00,G6,20,Dubai,Bangkok
FL1112,Singapore Airlines,2025-08-30 13:00:00,2025-08-30 13:15:00,G17,15,Dubai,Bangkok
FL1113,Emirates,2025-08-30 13:30:00,2025-08-30 14:10:00,G17,40,Dubai,London
FL1114,Air India,2025-08-30 14:00:00,2025-08-30 14:15:00,G1,15,Dubai,Paris
FL1115,Air India,2025-08-30 14:30:00,2025-08-30 15:10:00,G13,40,Dubai,Tokyo
FL1116,Air India,2025-08-30 15:00:00,2025-08-30 15:30:00,G20,30,Dubai,Chicago
FL1117,Emirates,2025-08-30 15:30:00,2025-08-30 16:10:00,G9,40,Dubai,London
FL1118,Air India,2025-08-30 16:00:00,2025-08-30 16:30:00,G1,30,Dubai,Amsterdam
FL1119,Singapore Airlines,2025-08-30 16:30:00,2025-08-30 16:30:00,G17,0,Dubai,Hong Kong
FL1120,Singapore Airlines,2025-08-30 17:00:00,2025-08-30 18:00:00,G11,60,Dubai,New York
FL1121,Qatar Airways,2025-08-30 17:30:00,2025-08-30 18:10:00,G9,40,Dubai,Zurich
FL1122,Lufthansa,2025-08-30 18:00:00,2025-08-30 18:20:00,G9,20,Dubai,Tokyo
FL1123,Air India,2025-08-30 18:30:00,2025-08-30 18:45:00,G20,15,Dubai,Zurich
FL1124,Qatar Airways,2025-08-30 19:00:00,2025-08-30 19:35:00,G16,35,Dubai,Amsterdam
FL1125,Qatar Airways,2025-08-30 19:30:00,2025-08-30 19:50:00,G6,20,Dubai,London
FL1126,Turkish Airlines,2025-08-30 20:00:00,2025-08-30 20:25:00,G17,25,Dubai,Delhi
FL1127,Qatar Airways,2025-08-30 20:30:00,2025-08-30 20:55:00,G13,25,Dubai,Los Angeles
FL1128,Emirates,2025-08-30 21:00:00,2025-08-30 21:00:00,G5,0,Dubai,Istanbul
FL1129,Air India,2025-08-30 21:30:00,2025-08-30 22:30:00,G5,60,Dubai,Singapore
FL1130,Qatar Airways,2025-08-30 22:00:00,2025-08-30 22:15:00,G1,15,Dubai,Doha
FL1131,Singapore Airlines,2025-08-30 22:30:00,2025-08-30 22:45:00,G6,15,Dubai,Singapore
FL1132,Qatar Airways,2025-08-30 23:00:00,2025-08-30 23:00:00,G19,0,Dubai,Los Angeles
FL1133,British Airways,2025-08-30 23:30:00,2025-08-30 23:40:00,G2,10,Dubai,Chicago
FL1134,Turkish Airlines,2025-08-31 00:00:00,2025-08-31 01:00:00,G11,60,Dubai,Delhi
FL1135,Lufthansa,2025-08-31 00:30:00,2025-08-31 00:40:00,G18,10,Dubai,Toronto
FL1136,British Airways,2025-08-31 01:00:00,2025-08-31 02:00:00,G20,60,Dubai,Toronto
FL1137,Emirates,2025-08-31 01:30:00,2025-08-31 01:55:00,G1,25,Dubai,Zurich
FL1138,Singapore Airlines,2025-08-31 02:00:00,2025-08-31 02:15:00,G1,15,Dubai,Hong Kong
FL1139,Singapore Airlines,2025-08-31 02:30:00,2025-08-31 02:45:00,G6,15,Dubai,Zurich
FL1140,Singapore Airlines,2025-08-31 03:00:00,2025-08-31 03:15:00,G5,15,Dubai,Istanbul
FL1141,Qatar Airways,2025-08-31 03:30:00,2025-08-31 04:00:00,G10,30,Dubai,Hong Kong
FL1142,Air India,2025-08-31 04:00:00,2025-08-31 04:30:00,G7,30,Dubai,Amsterdam
FL1143,Etihad,2025-08-31 04:30:00,2025-08-31 05:30:00,G15,60,Dubai,Bangkok
FL1144,British Airways,2025-08-31 05:00:00,2025-08-31 05:00:00,G7,0,Dubai,Bangkok
FL1145,Turkish Airlines,2025-08-31 05:30:00,2025-08-31 05:55:00,G3,25,Dubai,Delhi
FL1146,Lufthansa,2025-08-31 06:00:00,2025-08-31 06:20:00,G6,20,Dubai,London
FL1147,Air India,2025-08-31 06:30:00,2025-08-31 07:00:00,G4,30,Dubai,Toronto
FL1148,British Airways,2025-08-31 07:00:00,2025-08-31 07:15:00,G15,15,Dubai,Hong Kong
FL1149,Lufthansa,2025-08-31 07:30:00,2025-08-31 08:10:00,G18,40,Dubai,Tokyo
FL1150,Singapore Airlines,2025-08-31 08:00:00,2025-08-31 08:25:00,G13,25,Dubai,Delhi
FL1151,Air India,2025-08-31 08:30:00,2025-08-31 09:30:00,G14,60,Dubai,New York
FL1152,Singapore Airlines,2025-08-31 09:00:00,2025-08-31 09:20:00,G8,20,Dubai,Frankfurt
FL1153,Emirates,2025-08-31 09:30:00,2025-08-31 09:50:00,G8,20,Dubai,New York
FL1154,Qatar Airways,2025-08-31 10:00:00,2025-08-31 10:20:00,G7,20,Dubai,Hong Kong
FL1155,Lufthansa,2025-08-31 10:30:00,2025-08-31 11:05:00,G7,35,Dubai,Istanbul
FL1156,Turkish Airlines,2025-08-31 11:00:00,2025-08-31 12:00:00,G12,60,Dubai,Paris
FL1157,Emirates,2025-08-31 11:30:00,2025-08-31 12:30:00,G6,60,Dubai,Istanbul
FL1158,Emirates,2025-08-31 12:00:00,2025-08-31 12:20:00,G6,20,Dubai,Sydney
FL1159,British Airways,2025-08-31 12:30:00,2025-08-31 13:00:00,G16,30,Dubai,Hong Kong
FL1160,Lufthansa,2025-08-31 13:00:00,2025-08-31 13:00:00,G4,0,Dubai,Rome
FL1161,British Airways,2025-08-31 13:30:00,2025-08-31 14:10:00,G13,40,Dubai,Delhi
FL1162,Emirates,2025-08-31 14:00:00,2025-08-31 14:15:00,G16,15,Dubai,Toronto
FL1163,Air India,2025-08-31 14:30:00,2025-08-31 14:40:00,G17,10,Dubai,Los Angeles
FL1164,Emirates,2025-08-31 15:00:00,2025-08-31 15:00:00,G8,0,Dubai,Delhi
FL1165,Lufthansa,2025-08-31 15:30:00,2025-08-31 15:55:00,G7,25,Dubai,Sydney
FL1166,British Airways,2025-08-31 16:00:00,2025-08-31 16:00:00,G4,0,Dubai,Rome
FL1167,Etihad,2025-08-31 16:30:00,2025-08-31 17:00:00,G11,30,Dubai,Cape Town
FL1168,British Airways,2025-08-31 17:00:00,2025-08-31 17:40:00,G7,40,Dubai,Sydney
FL1169,British Airways,2025-08-31 17:30:00,2025-08-31 18:00:00,G15,30,Dubai,Mumbai
FL1170,British Airways,2025-08-31 18:00:00,2025-08-31 18:30:00,G14,30,Dubai,Mumbai
FL1171,Emirates,2025-08-31 18:30:00,2025-08-31 19:05:00,G17,35,Dubai,Tokyo
FL1172,Qatar Airways,2025-08-31 19:00:00,2025-08-31 19:40:00,G7,40,Dubai,Toronto
FL1173,Turkish Airlines,2025-08-31 19:30:00,2025-08-31 20:05:00,G18,35,Dubai,Singapore
FL1174,Turkish Airlines,2025-08-31 20:00:00,2025-08-31 20:20:00,G2,20,Dubai,New York
FL1175,Air India,2025-08-31 20:30:00,2025-08-31 21:30:00,G12,60,Dubai,Tokyo
FL1176,Air India,2025-08-31 21:00:00,2025-08-31 21:30:00,G10,30,Dubai,Toronto
FL1177,British Airways,2025-08-31 21:30:00,2025-08-31 21:45:00,G18,15,Dubai,Paris
FL1178,Lufthansa,2025-08-31 22:00:00,2025-08-31 22:30:00,G13,30,Dubai,Zurich
FL1179,Turkish Airlines,2025-08-31 22:30:00,2025-08-31 22:30:00,G7,0,Dubai,Istanbul
FL1180,Qatar Airways,2025-08-31 23:00:00,2025-08-31 23:10:00,G1,10,Dubai,Paris
FL1181,Turkish Airlines,2025-08-31 23:30:00,2025-08-31 23:45:00,G15,15,Dubai,Doha
FL1182,Lufthansa,2025-09-01 00:00:00,2025-09-01 00:35:00,G15,35,Dubai,Chicago
FL1183,Singapore Airlines,2025-09-01 00:30:00,2025-09-01 00:40:00,G4,10,Dubai,Hong Kong
FL1184,Emirates,2025-09-01 01:00:00,2025-09-01 01:20:00,G5,20,Dubai,Hong Kong
FL1185,British Airways,2025-09-01 01:30:00,2025-09-01 02:05:00,G20,35,Dubai,Doha
FL1186,Singapore Airlines,2025-09-01 02:00:00,2025-09-01 02:15:00,G11,15,Dubai,Rome
FL1187,British Airways,2025-09-01 02:30:00,2025-09-01 02:40:00,G10,10,Dubai,New York
FL1188,Air India,2025-09-01 03:00:00,2025-09-01 03:30:00,G5,30,Dubai,Toronto
FL1189,Air India,2025-09-01 03:30:00,2025-09-01 04:00:00,G12,30,Dubai,Amsterdam
FL1190,Lufthansa,2025-09-01 04:00:00,2025-09-01 04:20:00,G1,20,Dubai,Chicago
FL1191,Qatar Airways,2025-09-01 04:30:00,2025-09-01 05:00:00,G14,30,Dubai,Rome
FL1192,British Airways,2025-09-01 05:00:00,2025-09-01 05:10:00,G12,10,Dubai,Chicago
FL1193,Singapore Airlines,2025-09-01 05:30:00,2025-09-01 06:10:00,G3,40,Dubai,Bangkok
FL1194,Singapore Airlines,2025-09-01 06:00:00,2025-09-01 07:00:00,G13,60,Dubai,London
FL1195,Emirates,2025-09-01 06:30:00,2025-09-01 06:30:00,G6,0,Dubai,London
FL1196,Qatar Airways,2025-09-01 07:00:00,2025-09-01 07:25:00,G7,25,Dubai,Los Angeles
FL1197,Etihad,2025-09-01 07:30:00,2025-09-01 07:45:00,G15,15,Dubai,Hong Kong
FL1198,Air India,2025-09-01 08:00:00,2025-09-01 08:30:00,G12,30,Dubai,Toronto
FL1199,Emirates,2025-09-01 08:30:00,2025-09-01 08:45:00,G10,15,Dubai,Singapore
FL1200,Lufthansa,2025-09-01 09:00:00,2025-09-01 09:00:00,G13,0,Dubai,Los Angeles
FL1201,Emirates,2025-09-01 09:30:00,2025-09-01 10:30:00,G8,60,Dubai,Rome
FL1202,Emirates,2025-09-01 10:00:00,2025-09-01 10:00:00,G5,0,Dubai,Singapore
FL1203,Qatar Airways,2025-09-01 10:30:00,2025-09-01 10:55:00,G14,25,Dubai,Amsterdam
FL1204,British Airways,2025-09-01 11:00:00,2025-09-01 11:30:00,G19,30,Dubai,Frankfurt
FL1205,Qatar Airways,2025-09-01 11:30:00,2025-09-01 11:30:00,G18,0,Dubai,Rome
FL1206,Singapore Airlines,2025-09-01 12:00:00,2025-09-01 12:20:00,G15,20,Dubai,Zurich
FL1207,Air India,2025-09-01 12:30:00,2025-09-01 12:50:00,G14,20,Dubai,New York
FL1208,Lufthansa,2025-09-01 13:00:00,2025-09-01 14:00:00,G9,60,Dubai,Rome
FL1209,Etihad,2025-09-01 13:30:00,2025-09-01 13:55:00,G4,25,Dubai,Bangkok
FL1210,Singapore Airlines,2025-09-01 14:00:00,2025-09-01 14:00:00,G12,0,Dubai,Paris
FL1211,Air India,2025-09-01 14:30:00,2025-09-01 15:10:00,G16,40,Dubai,Amsterdam
FL1212,Lufthansa,2025-09-01 15:00:00,2025-09-01 16:00:00,G4,60,Dubai,Rome
FL1213,Lufthansa,2025-09-01 15:30:00,2025-09-01 16:00:00,G12,30,Dubai,Zurich
FL1214,Turkish Airlines,2025-09-01 16:00:00,2025-09-01 16:20:00,G7,20,Dubai,Doha
FL1215,Air India,2025-09-01 16:30:00,2025-09-01 16:55:00,G10,25,Dubai,London
FL1216,Etihad,2025-09-01 17:00:00,2025-09-01 17:20:00,G2,20,Dubai,Hong Kong
FL1217,Singapore Airlines,2025-09-01 17:30:00,2025-09-01 17:40:00,G9,10,Dubai,Rome
FL1218,Emirates,2025-09-01 18:00:00,2025-09-01 18:15:00,G13,15,Dubai,Doha
FL1219,Lufthansa,2025-09-01 18:30:00,2025-09-01 18:30:00,G6,0,Dubai,London
FL1220,Turkish Airlines,2025-09-01 19:00:00,2025-09-01 19:10:00,G16,10,Dubai,Singapore
FL1221,Lufthansa,2025-09-01 19:30:00,2025-09-01 20:00:00,G10,30,Dubai,Zurich
FL1222,Turkish Airlines,2025-09-01 20:00:00,2025-09-01 20:35:00,G6,35,Dubai,Mumbai
FL1223,Singapore Airlines,2025-09-01 20:30:00,2025-09-01 20:45:00,G20,15,Dubai,Tokyo
FL1224,Etihad,2025-09-01 21:00:00,2025-09-01 21:35:00,G6,35,Dubai,Frankfurt
FL1225,Etihad,2025-09-01 21:30:00,2025-09-01 21:40:00,G10,10,Dubai,Los Angeles
FL1226,Emirates,2025-09-01 22:00:00,2025-09-01 22:15:00,G5,15,Dubai,Istanbul
FL1227,Air India,2025-09-01 22:30:00,2025-09-01 22:40:00,G6,10,Dubai,Hong Kong
FL1228,Turkish Airlines,2025-09-01 23:00:00,2025-09-01 23:30:00,G13,30,Dubai,Sydney
FL1229,Qatar Airways,2025-09-01 23:30:00,2025-09-02 00:10:00,G9,40,Dubai,New York
FL1230,Etihad,2025-09-02 00:00:00,2025-09-02 00:15:00,G19,15,Dubai,Mumbai
FL1231,British Airways,2025-09-02 00:30:00,2025-09-02 00:30:00,G10,0,Dubai,Singapore
FL1232,Etihad,2025-09-02 01:00:00,2025-09-02 01:20:00,G13,20,Dubai,Los Angeles
FL1233,Qatar Airways,2025-09-02 01:30:00,2025-09-02 01:30:00,G17,0,Dubai,Zurich
FL1234,Etihad,2025-09-02 02:00:00,2025-09-02 03:00:00,G10,60,Dubai,Mumbai
FL1235,Singapore Airlines,2025-09-02 02:30:00,2025-09-02 03:10:00,G7,40,Dubai,Zurich
FL1236,Etihad,2025-09-02 03:00:00,2025-09-02 03:00:00,G18,0,Dubai,Paris
FL1237,Singapore Airlines,2025-09-02 03:30:00,2025-09-02 04:10:00,G4,40,Dubai,Sydney
FL1238,Singapore Airlines,2025-09-02 04:00:00,2025-09-02 04:25:00,G1,25,Dubai,Mumbai
FL1239,Emirates,2025-09-02 04:30:00,2025-09-02 05:05:00,G5,35,Dubai,London
FL1240,Turkish Airlines,2025-09-02 05:00:00,2025-09-02 05:25:00,G4,25,Dubai,Hong Kong
FL1241,Air India,2025-09-02 05:30:00,2025-09-02 05:45:00,G14,15,Dubai,Singapore
FL1242,Turkish Airlines,2025-09-02 06:00:00,2025-09-02 06:30:00,G9,30,Dubai,Tokyo
FL1243,Lufthansa,2025-09-02 06:30:00,2025-09-02 06:45:00,G14,15,Dubai,Hong Kong
FL1244,Singapore Airlines,2025-09-02 07:00:00,2025-09-02 07:15:00,G6,15,Dubai,Delhi
FL1245,Singapore Airlines,2025-09-02 07:30:00,2025-09-02 07:40:00,G4,10,Dubai,Rome
FL1246,Singapore Airlines,2025-09-02 08:00:00,2025-09-02 08:15:00,G7,15,Dubai,Delhi
FL1247,Lufthansa,2025-09-02 08:30:00,2025-09-02 08:55:00,G5,25,Dubai,Zurich
FL1248,Etihad,2025-09-02 09:00:00,2025-09-02 09:35:00,G2,35,Dubai,Bangkok
FL1249,Etihad,2025-09-02 09:30:00,2025-09-02 09:30:00,G10,0,Dubai,Delhi
FL1250,Lufthansa,2025-09-02 10:00:00,2025-09-02 10:35:00,G17,35,Dubai,Singapore
FL1251,Emirates,2025-09-02 10:30:00,2025-09-02 11:10:00,G4,40,Dubai,Hong Kong
FL1252,Lufthansa,2025-09-02 11:00:00,2025-09-02 11:35:00,G16,35,Dubai,Bangkok
FL1253,Turkish Airlines,2025-09-02 11:30:00,2025-09-02 12:30:00,G13,60,Dubai,Delhi
FL1254,Emirates,2025-09-02 12:00:00,2025-09-02 12:40:00,G3,40,Dubai,Sydney
FL1255,Turkish Airlines,2025-09-02 12:30:00,2025-09-02 12:45:00,G10,15,Dubai,Bangkok
FL1256,Qatar Airways,2025-09-02 13:00:00,2025-09-02 13:00:00,G6,0,Dubai,Rome
FL1257,Emirates,2025-09-02 13:30:00,2025-09-02 14:00:00,G4,30,Dubai,Toronto
FL1258,Etihad,2025-09-02 14:00:00,2025-09-02 14:20:00,G11,20,Dubai,New York
FL1259,Turkish Airlines,2025-09-02 14:30:00,2025-09-02 14:40:00,G20,10,Dubai,Zurich
FL1260,Emirates,2025-09-02 15:00:00,2025-09-02 15:40:00,G13,40,Dubai,Singapore
FL1261,Lufthansa,2025-09-02 15:30:00,2025-09-02 16:10:00,G20,40,Dubai,Delhi
FL1262,British Airways,2025-09-02 16:00:00,2025-09-02 16:00:00,G14,0,Dubai,Zurich
FL1263,British Airways,2025-09-02 16:30:00,2025-09-02 16:50:00,G12,20,Dubai,Bangkok
FL1264,Air India,2025-09-02 17:00:00,2025-09-02 17:10:00,G10,10,Dubai,Los Angeles
FL1265,Qatar Airways,2025-09-02 17:30:00,2025-09-02 17:40:00,G15,10,Dubai,Los Angeles
FL1266,Etihad,2025-09-02 18:00:00,2025-09-02 18:10:00,G17,10,Dubai,Chicago
FL1267,Singapore Airlines,2025-09-02 18:30:00,2025-09-02 19:00:00,G15,30,Dubai,New York
FL1268,Qatar Airways,2025-09-02 19:00:00,2025-09-02 19:20:00,G14,20,Dubai,Los Angeles
FL1269,Lufthansa,2025-09-02 19:30:00,2025-09-02 19:50:00,G6,20,Dubai,Hong Kong
FL1270,Qatar Airways,2025-09-02 20:00:00,2025-09-02 20:10:00,G10,10,Dubai,London
FL1271,Air India,2025-09-02 20:30:00,2025-09-02 20:50:00,G15,20,Dubai,Paris
FL1272,Singapore Airlines,2025-09-02 21:00:00,2025-09-02 21:20:00,G3,20,Dubai,New York
FL1273,Qatar Airways,2025-09-02 21:30:00,2025-09-02 22:30:00,G5,60,Dubai,Mumbai
FL1274,Qatar Airways,2025-09-02 22:00:00,2025-09-02 22:40:00,G2,40,Dubai,Mumbai
FL1275,Lufthansa,2025-09-02 22:30:00,2025-09-02 22:50:00,G20,20,Dubai,Bangkok
FL1276,Turkish Airlines,2025-09-02 23:00:00,2025-09-02 23:40:00,G14,40,Dubai,Delhi
FL1277,Turkish Airlines,2025-09-02 23:30:00,2025-09-03 00:30:00,G17,60,Dubai,Bangkok
FL1278,Air India,2025-09-03 00:00:00,2025-09-03 00:25:00,G6,25,Dubai,Mumbai
FL1279,Qatar Airways,2025-09-03 00:30:00,2025-09-03 01:10:00,G7,40,Dubai,Rome
FL1280,Etihad,2025-09-03 01:00:00,2025-09-03 01:15:00,G5,15,Dubai,Chicago
FL1281,Lufthansa,2025-09-03 01:30:00,2025-09-03 02:05:00,G6,35,Dubai,Hong Kong
FL1282,Qatar Airways,2025-09-03 02:00:00,2025-09-03 02:15:00,G18,15,Dubai,Hong Kong
FL1283,Etihad,2025-09-03 02:30:00,2025-09-03 03:30:00,G11,60,Dubai,London
FL1284,Qatar Airways,2025-09-03 03:00:00,2025-09-03 03:10:00,G1,10,Dubai,Doha
FL1285,Emirates,2025-09-03 03:30:00,2025-09-03 03:55:00,G17,25,Dubai,Hong Kong
FL1286,British Airways,2025-09-03 04:00:00,2025-09-03 04:35:00,G15,35,Dubai,Bangkok
FL1287,Singapore Airlines,2025-09-03 04:30:00,2025-09-03 04:40:00,G15,10,Dubai,Frankfurt
FL1288,Etihad,2025-09-03 05:00:00,2025-09-03 05:20:00,G11,20,Dubai,Los Angeles
FL1289,Turkish Airlines,2025-09-03 05:30:00,2025-09-03 05:45:00,G1,15,Dubai,Bangkok
FL1290,Lufthansa,2025-09-03 06:00:00,2025-09-03 06:25:00,G20,25,Dubai,Frankfurt
FL1291,Qatar Airways,2025-09-03 06:30:00,2025-09-03 06:40:00,G17,10,Dubai,Bangkok
FL1292,Turkish Airlines,2025-09-03 07:00:00,2025-09-03 07:40:00,G9,40,Dubai,Bangkok
FL1293,Lufthansa,2025-09-03 07:30:00,2025-09-03 07:40:00,G6,10,Dubai,Los Angeles
FL1294,Qatar Airways,2025-09-03 08:00:00,2025-09-03 08:40:00,G3,40,Dubai,Istanbul
FL1295,Lufthansa,2025-09-03 08:30:00,2025-09-03 08:55:00,G2,25,Dubai,London
FL1296,Qatar Airways,2025-09-03 09:00:00,2025-09-03 09:35:00,G16,35,Dubai,Hong Kong
FL1297,Turkish Airlines,2025-09-03 09:30:00,2025-09-03 09:40:00,G8,10,Dubai,Chicago
FL1298,Air India,2025-09-03 10:00:00,2025-09-03 10:15:00,G1,15,Dubai,Hong Kong
FL1299,Qatar Airways,2025-09-03 10:30:00,2025-09-03 11:05:00,G12,35,Dubai,Delhi
FL1300,Qatar Airways,2025-09-03 11:00:00,2025-09-03 11:10:00,G7,10,Dubai,Mumbai
FL1301,Etihad,2025-09-03 11:30:00,2025-09-03 12:10:00,G9,40,Dubai,Delhi
FL1302,Qatar Airways,2025-09-03 12:00:00,2025-09-03 12:00:00,G12,0,Dubai,Zurich
FL1303,Emirates,2025-09-03 12:30:00,2025-09-03 12:55:00,G16,25,Dubai,Singapore
FL1304,Qatar Airways,2025-09-03 13:00:00,2025-09-03 13:00:00,G17,0,Dubai,Amsterdam
FL1305,Singapore Airlines,2025-09-03 13:30:00,2025-09-03 13:45:00,G4,15,Dubai,Doha
FL1306,Singapore Airlines,2025-09-03 14:00:00,2025-09-03 14:30:00,G6,30,Dubai,Frankfurt
FL1307,British Airways,2025-09-03 14:30:00,2025-09-03 14:50:00,G4,20,Dubai,Mumbai
FL1308,Emirates,2025-09-03 15:00:00,2025-09-03 15:30:00,G12,30,Dubai,Mumbai
FL1309,Lufthansa,2025-09-03 15:30:00,2025-09-03 16:00:00,G18,30,Dubai,Frankfurt
FL1310,Singapore Airlines,2025-09-03 16:00:00,2025-09-03 17:00:00,G20,60,Dubai,Frankfurt
FL1311,Turkish Airlines,2025-09-03 16:30:00,2025-09-03 17:05:00,G12,35,Dubai,Doha
FL1312,Turkish Airlines,2025-09-03 17:00:00,2025-09-03 17:15:00,G11,15,Dubai,Tokyo
FL1313,Emirates,2025-09-03 17:30:00,2025-09-03 17:40:00,G2,10,Dubai,Zurich
FL1314,Lufthansa,2025-09-03 18:00:00,2025-09-03 18:15:00,G1,15,Dubai,New York
FL1315,Lufthansa,2025-09-03 18:30:00,2025-09-03 19:10:00,G2,40,Dubai,Rome
FL1316,Turkish Airlines,2025-09-03 19:00:00,2025-09-03 19:15:00,G17,15,Dubai,Delhi
FL1317,Emirates,2025-09-03 19:30:00,2025-09-03 19:45:00,G14,15,Dubai,Istanbul
FL1318,Lufthansa,2025-09-03 20:00:00,2025-09-03 20:10:00,G13,10,Dubai,Zurich
FL1319,Lufthansa,2025-09-03 20:30:00,2025-09-03 20:50:00,G5,20,Dubai,Los Angeles
FL1320,Etihad,2025-09-03 21:00:00,2025-09-03 22:00:00,G5,60,Dubai,Istanbul
FL1321,British Airways,2025-09-03 21:30:00,2025-09-03 21:55:00,G1,25,Dubai,Los Angeles
FL1322,British Airways,2025-09-03 22:00:00,2025-09-03 22:25:00,G5,25,Dubai,Paris
FL1323,Singapore Airlines,2025-09-03 22:30:00,2025-09-03 23:30:00,G7,60,Dubai,London
FL1324,Qatar Airways,2025-09-03 23:00:00,2025-09-03 23:40:00,G12,40,Dubai,Hong Kong
FL1325,Turkish Airlines,2025-09-03 23:30:00,2025-09-03 23:30:00,G20,0,Dubai,Bangkok
FL1326,Qatar Airways,2025-09-04 00:00:00,2025-09-04 00:20:00,G2,20,Dubai,New York
FL1327,Qatar Airways,2025-09-04 00:30:00,2025-09-04 00:45:00,G8,15,Dubai,Rome
FL1328,Emirates,2025-09-04 01:00:00,2025-09-04 01:35:00,G12,35,Dubai,Singapore
FL1329,Air India,2025-09-04 01:30:00,2025-09-04 02:30:00,G7,60,Dubai,Doha
FL1330,Lufthansa,2025-09-04 02:00:00,2025-09-04 02:10:00,G2,10,Dubai,Bangkok
FL1331,Emirates,2025-09-04 02:30:00,2025-09-04 02:40:00,G11,10,Dubai,London
FL1332,Air India,2025-09-04 03:00:00,2025-09-04 03:15:00,G20,15,Dubai,Chicago
FL1333,Qatar Airways,2025-09-04 03:30:00,2025-09-04 04:05:00,G7,35,Dubai,New York
FL1334,Air India,2025-09-04 04:00:00,2025-09-04 05:00:00,G7,60,Dubai,Frankfurt
FL1335,Turkish Airlines,2025-09-04 04:30:00,2025-09-04 04:55:00,G3,25,Dubai,New York
FL1336,Air India,2025-09-04 05:00:00,2025-09-04 05:00:00,G15,0,Dubai,Amsterdam
FL1337,British Airways,2025-09-04 05:30:00,2025-09-04 05:55:00,G11,25,Dubai,Los Angeles
FL1338,Qatar Airways,2025-09-04 06:00:00,2025-09-04 06:00:00,G12,0,Dubai,Rome
FL1339,Turkish Airlines,2025-09-04 06:30:00,2025-09-04 06:50:00,G8,20,Dubai,Cape Town
FL1340,Air India,2025-09-04 07:00:00,2025-09-04 07:00:00,G10,0,Dubai,Delhi
FL1341,British Airways,2025-09-04 07:30:00,2025-09-04 08:00:00,G3,30,Dubai,Frankfurt
FL1342,Turkish Airlines,2025-09-04 08:00:00,2025-09-04 08:00:00,G12,0,Dubai,Hong Kong
FL1343,Lufthansa,2025-09-04 08:30:00,2025-09-04 08:45:00,G20,15,Dubai,Singapore
FL1344,Turkish Airlines,2025-09-04 09:00:00,2025-09-04 09:10:00,G7,10,Dubai,London
FL1345,Emirates,2025-09-04 09:30:00,2025-09-04 09:30:00,G2,0,Dubai,Amsterdam
FL1346,Emirates,2025-09-04 10:00:00,2025-09-04 10:15:00,G15,15,Dubai,Sydney
FL1347,Etihad,2025-09-04 10:30:00,2025-09-04 10:50:00,G9,20,Dubai,Amsterdam
FL1348,Lufthansa,2025-09-04 11:00:00,2025-09-04 11:10:00,G7,10,Dubai,Sydney
FL1349,Etihad,2025-09-04 11:30:00,2025-09-04 11:45:00,G19,15,Dubai,Mumbai
FL1350,Lufthansa,2025-09-04 12:00:00,2025-09-04 12:20:00,G9,20,Dubai,Amsterdam
FL1351,Emirates,2025-09-04 12:30:00,2025-09-04 13:05:00,G11,35,Dubai,Rome
FL1352,Emirates,2025-09-04 13:00:00,2025-09-04 13:35:00,G5,35,Dubai,Bangkok
FL1353,Etihad,2025-09-04 13:30:00,2025-09-04 13:30:00,G10,0,Dubai,Rome
FL1354,British Airways,2025-09-04 14:00:00,2025-09-04 14:25:00,G7,25,Dubai,Tokyo
FL1355,British Airways,2025-09-04 14:30:00,2025-09-04 14:50:00,G16,20,Dubai,Frankfurt
FL1356,Lufthansa,2025-09-04 15:00:00,2025-09-04 15:20:00,G7,20,Dubai,Istanbul
FL1357,Turkish Airlines,2025-09-04 15:30:00,2025-09-04 16:00:00,G18,30,Dubai,Rome
FL1358,Turkish Airlines,2025-09-04 16:00:00,2025-09-04 16:20:00,G4,20,Dubai,Paris
FL1359,Singapore Airlines,2025-09-04 16:30:00,2025-09-04 17:00:00,G12,30,Dubai,Sydney
FL1360,Air India,2025-09-04 17:00:00,2025-09-04 17:00:00,G9,0,Dubai,London
FL1361,Singapore Airlines,2025-09-04 17:30:00,2025-09-04 17:40:00,G20,10,Dubai,Cape Town
FL1362,Air India,2025-09-04 18:00:00,2025-09-04 18:00:00,G8,0,Dubai,Delhi
FL1363,Emirates,2025-09-04 18:30:00,2025-09-04 18:55:00,G5,25,Dubai,Cape Town
FL1364,Etihad,2025-09-04 19:00:00,2025-09-04 19:20:00,G11,20,Dubai,Singapore
FL1365,Etihad,2025-09-04 19:30:00,2025-09-04 19:30:00,G2,0,Dubai,Toronto
FL1366,Etihad,2025-09-04 20:00:00,2025-09-04 20:40:00,G12,40,Dubai,Rome
FL1367,Etihad,2025-09-04 20:30:00,2025-09-04 20:40:00,G8,10,Dubai,Cape Town
FL1368,Lufthansa,2025-09-04 21:00:00,2025-09-04 21:20:00,G6,20,Dubai,Toronto
FL1369,Etihad,2025-09-04 21:30:00,2025-09-04 21:50:00,G1,20,Dubai,Amsterdam
FL1370,British Airways,2025-09-04 22:00:00,2025-09-04 22:40:00,G6,40,Dubai,Cape Town
FL1371,Qatar Airways,2025-09-04 22:30:00,2025-09-04 23:30:00,G12,60,Dubai,London
FL1372,Singapore Airlines,2025-09-04 23:00:00,2025-09-04 23:25:00,G1,25,Dubai,Zurich
FL1373,Etihad,2025-09-04 23:30:00,2025-09-04 23:55:00,G15,25,Dubai,London
FL1374,Qatar Airways,2025-09-05 00:00:00,2025-09-05 00:40:00,G10,40,Dubai,Bangkok
FL1375,Singapore Airlines,2025-09-05 00:30:00,2025-09-05 01:10:00,G16,40,Dubai,Frankfurt
FL1376,British Airways,2025-09-05 01:00:00,2025-09-05 01:25:00,G4,25,Dubai,Mumbai
FL1377,British Airways,2025-09-05 01:30:00,2025-09-05 01:30:00,G14,0,Dubai,Doha
FL1378,Qatar Airways,2025-09-05 02:00:00,2025-09-05 02:15:00,G2,15,Dubai,Hong Kong
FL1379,Singapore Airlines,2025-09-05 02:30:00,2025-09-05 02:45:00,G11,15,Dubai,Istanbul
FL1380,Turkish Airlines,2025-09-05 03:00:00,2025-09-05 03:10:00,G20,10,Dubai,Hong Kong
FL1381,Singapore Airlines,2025-09-05 03:30:00,2025-09-05 04:10:00,G13,40,Dubai,Doha
FL1382,Air India,2025-09-05 04:00:00,2025-09-05 04:30:00,G11,30,Dubai,Los Angeles
FL1383,Lufthansa,2025-09-05 04:30:00,2025-09-05 05:10:00,G11,40,Dubai,New York
FL1384,Turkish Airlines,2025-09-05 05:00:00,2025-09-05 06:00:00,G2,60,Dubai,Amsterdam
FL1385,Turkish Airlines,2025-09-05 05:30:00,2025-09-05 05:55:00,G1,25,Dubai,Tokyo
FL1386,Singapore Airlines,2025-09-05 06:00:00,2025-09-05 06:25:00,G5,25,Dubai,Delhi
FL1387,Qatar Airways,2025-09-05 06:30:00,2025-09-05 06:55:00,G18,25,Dubai,Sydney
FL1388,Emirates,2025-09-05 07:00:00,2025-09-05 07:25:00,G13,25,Dubai,Chicago
FL1389,Lufthansa,2025-09-05 07:30:00,2025-09-05 07:55:00,G15,25,Dubai,Hong Kong
FL1390,Turkish Airlines,2025-09-05 08:00:00,2025-09-05 08:10:00,G1,10,Dubai,Hong Kong
FL1391,Emirates,2025-09-05 08:30:00,2025-09-05 09:05:00,G15,35,Dubai,Istanbul
FL1392,Lufthansa,2025-09-05 09:00:00,2025-09-05 09:20:00,G5,20,Dubai,Singapore
FL1393,Emirates,2025-09-05 09:30:00,2025-09-05 09:55:00,G15,25,Dubai,Frankfurt
FL1394,Turkish Airlines,2025-09-05 10:00:00,2025-09-05 11:00:00,G5,60,Dubai,Toronto
FL1395,Lufthansa,2025-09-05 10:30:00,2025-09-05 11:00:00,G5,30,Dubai,London
FL1396,Turkish Airlines,2025-09-05 11:00:00,2025-09-05 11:35:00,G13,35,Dubai,Amsterdam
FL1397,Singapore Airlines,2025-09-05 11:30:00,2025-09-05 11:30:00,G19,0,Dubai,Doha
FL1398,Singapore Airlines,2025-09-05 12:00:00,2025-09-05 12:30:00,G17,30,Dubai,Frankfurt
FL1399,Etihad,2025-09-05 12:30:00,2025-09-05 13:30:00,G6,60,Dubai,Singapore
FL1400,Turkish Airlines,2025-09-05 13:00:00,2025-09-05 13:30:00,G6,30,Dubai,Toronto
FL1401,British Airways,2025-09-05 13:30:00,2025-09-05 13:50:00,G2,20,Dubai,Zurich
FL1402,Singapore Airlines,2025-09-05 14:00:00,2025-09-05 15:00:00,G14,60,Dubai,Hong Kong
FL1403,Lufthansa,2025-09-05 14:30:00,2025-09-05 15:05:00,G19,35,Dubai,Cape Town
FL1404,Qatar Airways,2025-09-05 15:00:00,2025-09-05 15:25:00,G7,25,Dubai,Chicago
FL1405,Turkish Airlines,2025-09-05 15:30:00,2025-09-05 16:10:00,G17,40,Dubai,Delhi
FL1406,Qatar Airways,2025-09-05 16:00:00,2025-09-05 16:00:00,G7,0,Dubai,Zurich
FL1407,Air India,2025-09-05 16:30:00,2025-09-05 17:10:00,G9,40,Dubai,Rome
FL1408,Emirates,2025-09-05 17:00:00,2025-09-05 17:35:00,G7,35,Dubai,Tokyo
FL1409,Emirates,2025-09-05 17:30:00,2025-09-05 18:00:00,G7,30,Dubai,Frankfurt
FL1410,Air India,2025-09-05 18:00:00,2025-09-05 18:20:00,G2,20,Dubai,Frankfurt
FL1411,Emirates,2025-09-05 18:30:00,2025-09-05 18:30:00,G2,0,Dubai,Mumbai
FL1412,Qatar Airways,2025-09-05 19:00:00,2025-09-05 19:00:00,G3,0,Dubai,Doha
FL1413,Air India,2025-09-05 19:30:00,2025-09-05 19:30:00,G13,0,Dubai,New York
FL1414,Qatar Airways,2025-09-05 20:00:00,2025-09-05 20:40:00,G2,40,Dubai,Rome
FL1415,Lufthansa,2025-09-05 20:30:00,2025-09-05 20:50:00,G19,20,Dubai,Tokyo
FL1416,Emirates,2025-09-05 21:00:00,2025-09-05 21:25:00,G5,25,Dubai,Toronto
FL1417,British Airways,2025-09-05 21:30:00,2025-09-05 22:00:00,G20,30,Dubai,Doha
FL1418,Singapore Airlines,2025-09-05 22:00:00,2025-09-05 22:20:00,G12,20,Dubai,Frankfurt
FL1419,Qatar Airways,2025-09-05 22:30:00,2025-09-05 23:10:00,G20,40,Dubai,Zurich
FL1420,Turkish Airlines,2025-09-05 23:00:00,2025-09-05 23:40:00,G7,40,Dubai,Frankfurt
FL1421,British Airways,2025-09-05 23:30:00,2025-09-05 23:45:00,G2,15,Dubai,Sydney
FL1422,British Airways,2025-09-06 00:00:00,2025-09-06 00:10:00,G1,10,Dubai,London
FL1423,Air India,2025-09-06 00:30:00,2025-09-06 00:40:00,G11,10,Dubai,Doha
FL1424,Turkish Airlines,2025-09-06 01:00:00,2025-09-06 01:35:00,G3,35,Dubai,Mumbai
FL1425,Singapore Airlines,2025-09-06 01:30:00,2025-09-06 01:55:00,G18,25,Dubai,Hong Kong
FL1426,Lufthansa,2025-09-06 02:00:00,2025-09-06 02:10:00,G16,10,Dubai,Rome
FL1427,Qatar Airways,2025-09-06 02:30:00,2025-09-06 02:50:00,G10,20,Dubai,Zurich
FL1428,Air India,2025-09-06 03:00:00,2025-09-06 03:40:00,G11,40,Dubai,Delhi
FL1429,Lufthansa,2025-09-06 03:30:00,2025-09-06 03:30:00,G15,0,Dubai,Sydney
FL1430,Emirates,2025-09-06 04:00:00,2025-09-06 04:20:00,G6,20,Dubai,Amsterdam
FL1431,Turkish Airlines,2025-09-06 04:30:00,2025-09-06 04:50:00,G5,20,Dubai,Mumbai
FL1432,Qatar Airways,2025-09-06 05:00:00,2025-09-06 05:20:00,G8,20,Dubai,Mumbai
FL1433,British Airways,2025-09-06 05:30:00,2025-09-06 06:30:00,G15,60,Dubai,Zurich
FL1434,Emirates,2025-09-06 06:00:00,2025-09-06 06:30:00,G11,30,Dubai,Mumbai
FL1435,Etihad,2025-09-06 06:30:00,2025-09-06 06:50:00,G16,20,Dubai,Amsterdam
FL1436,Singapore Airlines,2025-09-06 07:00:00,2025-09-06 07:25:00,G6,25,Dubai,Toronto
FL1437,Singapore Airlines,2025-09-06 07:30:00,2025-09-06 07:45:00,G2,15,Dubai,Frankfurt
FL1438,Etihad,2025-09-06 08:00:00,2025-09-06 08:25:00,G20,25,Dubai,Delhi
FL1439,Singapore Airlines,2025-09-06 08:30:00,2025-09-06 08:30:00,G4,0,Dubai,Paris
FL1440,Singapore Airlines,2025-09-06 09:00:00,2025-09-06 10:00:00,G10,60,Dubai,Hong Kong
FL1441,Singapore Airlines,2025-09-06 09:30:00,2025-09-06 09:55:00,G18,25,Dubai,Frankfurt
FL1442,British Airways,2025-09-06 10:00:00,2025-09-06 10:35:00,G4,35,Dubai,Singapore
FL1443,Emirates,2025-09-06 10:30:00,2025-09-06 10:55:00,G17,25,Dubai,Paris
FL1444,Lufthansa,2025-09-06 11:00:00,2025-09-06 11:00:00,G1,0,Dubai,Toronto
FL1445,Turkish Airlines,2025-09-06 11:30:00,2025-09-06 12:05:00,G13,35,Dubai,Paris
FL1446,Lufthansa,2025-09-06 12:00:00,2025-09-06 12:00:00,G15,0,Dubai,Doha
FL1447,Singapore Airlines,2025-09-06 12:30:00,2025-09-06 13:05:00,G15,35,Dubai,Paris
FL1448,Turkish Airlines,2025-09-06 13:00:00,2025-09-06 13:40:00,G18,40,Dubai,Bangkok
FL1449,Emirates,2025-09-06 13:30:00,2025-09-06 13:55:00,G20,25,Dubai,Cape Town
FL1450,British Airways,2025-09-06 14:00:00,2025-09-06 14:30:00,G20,30,Dubai,Doha
FL1451,Singapore Airlines,2025-09-06 14:30:00,2025-09-06 15:05:00,G4,35,Dubai,Hong Kong
FL1452,Etihad,2025-09-06 15:00:00,2025-09-06 15:20:00,G1,20,Dubai,Toronto
FL1453,Turkish Airlines,2025-09-06 15:30:00,2025-09-06 15:55:00,G15,25,Dubai,Rome
FL1454,British Airways,2025-09-06 16:00:00,2025-09-06 16:35:00,G20,35,Dubai,Delhi
FL1455,Emirates,2025-09-06 16:30:00,2025-09-06 16:50:00,G20,20,Dubai,Chicago
FL1456,Emirates,2025-09-06 17:00:00,2025-09-06 17:30:00,G14,30,Dubai,Chicago
FL1457,Turkish Airlines,2025-09-06 17:30:00,2025-09-06 17:50:00,G16,20,Dubai,Chicago
FL1458,Air India,2025-09-06 18:00:00,2025-09-06 18:20:00,G10,20,Dubai,Zurich
FL1459,Emirates,2025-09-06 18:30:00,2025-09-06 18:55:00,G13,25,Dubai,Zurich
FL1460,Qatar Airways,2025-09-06 19:00:00,2025-09-06 19:35:00,G17,35,Dubai,Rome
FL1461,Etihad,2025-09-06 19:30:00,2025-09-06 20:00:00,G11,30,Dubai,Cape Town
FL1462,British Airways,2025-09-06 20:00:00,2025-09-06 20:20:00,G2,20,Dubai,Hong Kong
FL1463,Turkish Airlines,2025-09-06 20:30:00,2025-09-06 21:10:00,G19,40,Dubai,Hong Kong
FL1464,Lufthansa,2025-09-06 21:00:00,2025-09-06 21:35:00,G13,35,Dubai,Amsterdam
FL1465,Etihad,2025-09-06 21:30:00,2025-09-06 22:30:00,G10,60,Dubai,Amsterdam
FL1466,Emirates,2025-09-06 22:00:00,2025-09-06 22:40:00,G7,40,Dubai,Istanbul
FL1467,Emirates,2025-09-06 22:30:00,2025-09-06 22:45:00,G16,15,Dubai,Mumbai
FL1468,Singapore Airlines,2025-09-06 23:00:00,2025-09-06 23:30:00,G20,30,Dubai,Rome
FL1469,Air India,2025-09-06 23:30:00,2025-09-06 23:45:00,G18,15,Dubai,Delhi
FL1470,British Airways,2025-09-07 00:00:00,2025-09-07 00:00:00,G17,0,Dubai,Istanbul
FL1471,Qatar Airways,2025-09-07 00:30:00,2025-09-07 00:50:00,G13,20,Dubai,Delhi
FL1472,Singapore Airlines,2025-09-07 01:00:00,2025-09-07 02:00:00,G17,60,Dubai,Zurich
FL1473,Lufthansa,2025-09-07 01:30:00,2025-09-07 01:40:00,G6,10,Dubai,Bangkok
FL1474,Emirates,2025-09-07 02:00:00,2025-09-07 02:15:00,G7,15,Dubai,New York
FL1475,Lufthansa,2025-09-07 02:30:00,2025-09-07 02:50:00,G3,20,Dubai,Zurich
FL1476,Singapore Airlines,2025-09-07 03:00:00,2025-09-07 03:10:00,G10,10,Dubai,Istanbul
FL1477,Turkish Airlines,2025-09-07 03:30:00,2025-09-07 04:10:00,G19,40,Dubai,Hong Kong
FL1478,Emirates,2025-09-07 04:00:00,2025-09-07 04:30:00,G4,30,Dubai,Toronto
FL1479,Qatar Airways,2025-09-07 04:30:00,2025-09-07 04:55:00,G12,25,Dubai,Zurich
FL1480,Emirates,2025-09-07 05:00:00,2025-09-07 05:20:00,G18,20,Dubai,Delhi
FL1481,Lufthansa,2025-09-07 05:30:00,2025-09-07 06:10:00,G7,40,Dubai,Chicago
FL1482,Emirates,2025-09-07 06:00:00,2025-09-07 06:00:00,G7,0,Dubai,Chicago
FL1483,Turkish Airlines,2025-09-07 06:30:00,2025-09-07 06:40:00,G4,10,Dubai,Amsterdam
FL1484,Emirates,2025-09-07 07:00:00,2025-09-07 07:25:00,G12,25,Dubai,Doha
FL1485,British Airways,2025-09-07 07:30:00,2025-09-07 07:55:00,G7,25,Dubai,Mumbai
FL1486,Air India,2025-09-07 08:00:00,2025-09-07 08:00:00,G1,0,Dubai,Istanbul
FL1487,British Airways,2025-09-07 08:30:00,2025-09-07 08:55:00,G10,25,Dubai,Amsterdam
FL1488,Turkish Airlines,2025-09-07 09:00:00,2025-09-07 09:40:00,G4,40,Dubai,Delhi
FL1489,Qatar Airways,2025-09-07 09:30:00,2025-09-07 10:05:00,G11,35,Dubai,Bangkok
FL1490,Lufthansa,2025-09-07 10:00:00,2025-09-07 10:40:00,G17,40,Dubai,Amsterdam
FL1491,Qatar Airways,2025-09-07 10:30:00,2025-09-07 11:10:00,G8,40,Dubai,Singapore
FL1492,Turkish Airlines,2025-09-07 11:00:00,2025-09-07 11:40:00,G6,40,Dubai,Cape Town
FL1493,Qatar Airways,2025-09-07 11:30:00,2025-09-07 12:30:00,G11,60,Dubai,Toronto
FL1494,Emirates,2025-09-07 12:00:00,2025-09-07 12:15:00,G16,15,Dubai,Zurich
FL1495,Air India,2025-09-07 12:30:00,2025-09-07 13:30:00,G16,60,Dubai,Paris
FL1496,Singapore Airlines,2025-09-07 13:00:00,2025-09-07 13:40:00,G5,40,Dubai,Mumbai
FL1497,Etihad,2025-09-07 13:30:00,2025-09-07 14:30:00,G7,60,Dubai,Zurich
FL1498,Qatar Airways,2025-09-07 14:00:00,2025-09-07 14:15:00,G3,15,Dubai,Chicago
FL1499,Etihad,2025-09-07 14:30:00,2025-09-07 14:50:00,G16,20,Dubai,London
