PassengerID,FlightID,CheckInTime,BoardingPassIssued,Gate
PAX1000,FL1390,2025-09-05 05:22:00,True,G1
PAX1001,FL1309,2025-09-03 13:07:00,False,G18
PAX1002,FL1450,2025-09-06 11:52:00,False,G20
PAX1003,FL1084,2025-08-29 21:26:00,True,G5
PAX1004,FL1084,2025-08-29 22:26:00,True,G5
PAX1005,FL1091,2025-08-30 01:46:00,True,G17
PAX1006,FL1264,2025-09-02 16:21:00,True,G10
PAX1007,FL1376,2025-09-04 22:49:00,True,G4
PAX1008,FL1459,2025-09-06 17:55:00,False,G13
PAX1009,FL1127,2025-08-30 19:07:00,False,G13
PAX1010,FL1323,2025-09-03 20:11:00,False,G7
PAX1011,FL1462,2025-09-06 17:55:00,True,G2
PAX1012,FL1129,2025-08-30 20:25:00,True,G5
PAX1013,FL1174,2025-08-31 19:24:00,False,G2
PAX1014,FL1413,2025-09-05 18:31:00,True,G13
PAX1015,FL1325,2025-09-03 21:18:00,True,G20
PAX1016,FL1134,2025-08-30 23:13:00,True,G11
PAX1017,FL1304,2025-09-03 11:44:00,False,G17
PAX1018,FL1378,2025-09-04 23:27:00,True,G2
PAX1019,FL1279,2025-09-02 23:10:00,False,G7
PAX1020,FL1375,2025-09-04 23:48:00,False,G16
PAX1021,FL1180,2025-08-31 21:36:00,True,G1
PAX1022,FL1481,2025-09-07 04:19:00,False,G7
PAX1023,FL1160,2025-08-31 11:17:00,False,G4
PAX1024,FL1068,2025-08-29 12:57:00,True,G1
PAX1025,FL1376,2025-09-04 23:22:00,True,G4
PAX1026,FL1268,2025-09-02 17:54:00,False,G14
PAX1027,FL1080,2025-08-29 19:31:00,True,G8
PAX1028,FL1350,2025-09-04 09:22:00,False,G9
PAX1029,FL1165,2025-08-31 12:52:00,True,G7
PAX1030,FL1453,2025-09-06 13:19:00,True,G15
PAX1031,FL1318,2025-09-03 17:01:00,False,G13
PAX1032,FL1198,2025-09-01 05:54:00,True,G12
PAX1033,FL1410,2025-09-05 15:39:00,False,G2
PAX1034,FL1311,2025-09-03 14:58:00,True,G12
PAX1035,FL1359,2025-09-04 16:00:00,True,G12
PAX1036,FL1469,2025-09-06 22:07:00,True,G18
PAX1037,FL1034,2025-08-28 19:04:00,False,G7
PAX1038,FL1354,2025-09-04 12:51:00,False,G7
PAX1039,FL1368,2025-09-04 19:08:00,True,G6
PAX1040,FL1145,2025-08-31 04:37:00,False,G3
PAX1041,FL1311,2025-09-03 13:43:00,True,G12
PAX1042,FL1304,2025-09-03 11:22:00,True,G17
PAX1043,FL1273,2025-09-02 20:37:00,False,G5
PAX1044,FL1160,2025-08-31 11:12:00,False,G4
PAX1045,FL1296,2025-09-03 07:01:00,False,G16
PAX1046,FL1426,2025-09-06 00:12:00,False,G16
PAX1047,FL1286,2025-09-03 01:12:00,True,G15
PAX1048,FL1046,2025-08-29 01:00:00,False,G4
PAX1049,FL1472,2025-09-06 23:54:00,True,G17
PAX1050,FL1262,2025-09-02 15:26:00,True,G14
PAX1051,FL1340,2025-09-04 05:44:00,True,G10
PAX1052,FL1113,2025-08-30 12:21:00,True,G17
PAX1053,FL1249,2025-09-02 07:19:00,True,G10
PAX1054,FL1429,2025-09-06 00:48:00,False,G15
PAX1055,FL1110,2025-08-30 09:11:00,False,G1
PAX1056,FL1185,2025-08-31 23:02:00,False,G20
PAX1057,FL1418,2025-09-05 19:54:00,False,G12
PAX1058,FL1199,2025-09-01 07:44:00,True,G10
PAX1059,FL1076,2025-08-29 16:27:00,True,G2
PAX1060,FL1106,2025-08-30 07:32:00,False,G18
PAX1061,FL1491,2025-09-07 08:21:00,False,G8
PAX1062,FL1082,2025-08-29 19:51:00,True,G19
PAX1063,FL1290,2025-09-03 03:41:00,True,G20
PAX1064,FL1447,2025-09-06 10:20:00,True,G15
PAX1065,FL1284,2025-09-03 00:37:00,False,G1
PAX1066,FL1259,2025-09-02 13:18:00,False,G20
PAX1067,FL1472,2025-09-06 23:24:00,False,G17
PAX1068,FL1155,2025-08-31 08:47:00,True,G7
PAX1069,FL1445,2025-09-06 10:57:00,True,G13
PAX1070,FL1411,2025-09-05 15:33:00,False,G2
PAX1071,FL1269,2025-09-02 17:11:00,True,G6
PAX1072,FL1079,2025-08-29 19:02:00,False,G18
PAX1073,FL1036,2025-08-28 21:12:00,True,G15
PAX1074,FL1341,2025-09-04 05:11:00,True,G3
PAX1075,FL1089,2025-08-30 00:40:00,False,G10
PAX1076,FL1450,2025-09-06 13:22:00,True,G20
PAX1077,FL1028,2025-08-28 16:15:00,False,G12
PAX1078,FL1239,2025-09-02 01:37:00,False,G5
PAX1079,FL1104,2025-08-30 06:00:00,True,G5
PAX1080,FL1251,2025-09-02 08:54:00,True,G4
PAX1081,FL1010,2025-08-28 08:44:00,False,G18
PAX1082,FL1190,2025-09-01 02:04:00,True,G1
PAX1083,FL1264,2025-09-02 15:11:00,True,G10
PAX1084,FL1040,2025-08-28 23:43:00,False,G16
PAX1085,FL1161,2025-08-31 10:55:00,False,G13
PAX1086,FL1318,2025-09-03 19:15:00,False,G13
PAX1087,FL1419,2025-09-05 20:09:00,False,G20
PAX1088,FL1286,2025-09-03 01:05:00,True,G15
PAX1089,FL1254,2025-09-02 11:29:00,False,G3
PAX1090,FL1226,2025-09-01 19:20:00,True,G5
PAX1091,FL1278,2025-09-02 22:11:00,True,G6
PAX1092,FL1237,2025-09-02 02:35:00,True,G4
PAX1093,FL1406,2025-09-05 13:22:00,False,G7
PAX1094,FL1199,2025-09-01 05:32:00,True,G10
PAX1095,FL1072,2025-08-29 14:09:00,True,G15
PAX1096,FL1446,2025-09-06 11:19:00,True,G15
PAX1097,FL1490,2025-09-07 09:29:00,True,G17
PAX1098,FL1220,2025-09-01 16:07:00,False,G16
PAX1099,FL1336,2025-09-04 03:08:00,True,G15
PAX1100,FL1487,2025-09-07 07:37:00,True,G10
PAX1101,FL1141,2025-08-31 01:48:00,True,G10
PAX1102,FL1432,2025-09-06 04:28:00,False,G8
PAX1103,FL1213,2025-09-01 14:47:00,True,G12
PAX1104,FL1204,2025-09-01 08:10:00,False,G19
PAX1105,FL1072,2025-08-29 15:07:00,False,G15
PAX1106,FL1258,2025-09-02 12:09:00,False,G11
PAX1107,FL1335,2025-09-04 01:54:00,False,G3
PAX1108,FL1076,2025-08-29 18:28:00,True,G2
PAX1109,FL1071,2025-08-29 13:48:00,False,G5
PAX1110,FL1098,2025-08-30 04:31:00,True,G17
PAX1111,FL1405,2025-09-05 14:07:00,False,G17
PAX1112,FL1357,2025-09-04 12:32:00,True,G18
PAX1113,FL1337,2025-09-04 03:06:00,False,G11
PAX1114,FL1180,2025-08-31 20:50:00,True,G1
PAX1115,FL1024,2025-08-28 14:09:00,True,G12
PAX1116,FL1375,2025-09-04 22:36:00,False,G16
PAX1117,FL1017,2025-08-28 11:53:00,True,G9
PAX1118,FL1325,2025-09-03 22:41:00,True,G20
PAX1119,FL1155,2025-08-31 07:51:00,True,G7
PAX1120,FL1224,2025-09-01 19:08:00,False,G6
PAX1121,FL1162,2025-08-31 12:08:00,True,G16
PAX1122,FL1030,2025-08-28 17:22:00,False,G19
PAX1123,FL1281,2025-09-02 22:46:00,False,G6
PAX1124,FL1447,2025-09-06 09:37:00,True,G15
PAX1125,FL1293,2025-09-03 06:48:00,False,G6
PAX1126,FL1289,2025-09-03 04:57:00,False,G1
PAX1127,FL1205,2025-09-01 10:57:00,True,G18
PAX1128,FL1090,2025-08-30 00:50:00,True,G13
PAX1129,FL1101,2025-08-30 06:14:00,False,G14
PAX1130,FL1390,2025-09-05 06:54:00,False,G1
PAX1131,FL1154,2025-08-31 07:59:00,False,G7
PAX1132,FL1321,2025-09-03 19:15:00,False,G1
PAX1133,FL1324,2025-09-03 21:59:00,True,G12
PAX1134,FL1435,2025-09-06 04:07:00,False,G16
PAX1135,FL1374,2025-09-04 23:22:00,True,G10
PAX1136,FL1319,2025-09-03 17:56:00,True,G5
PAX1137,FL1128,2025-08-30 20:22:00,True,G5
PAX1138,FL1111,2025-08-30 09:41:00,False,G6
PAX1139,FL1096,2025-08-30 02:01:00,False,G17
PAX1140,FL1114,2025-08-30 12:19:00,True,G1
PAX1141,FL1075,2025-08-29 15:56:00,False,G15
PAX1142,FL1358,2025-09-04 13:37:00,False,G4
PAX1143,FL1001,2025-08-28 03:06:00,False,G7
PAX1144,FL1210,2025-09-01 11:37:00,False,G12
PAX1145,FL1123,2025-08-30 16:35:00,True,G20
PAX1146,FL1291,2025-09-03 05:00:00,False,G17
PAX1147,FL1394,2025-09-05 07:01:00,False,G5
PAX1148,FL1330,2025-09-03 23:29:00,False,G2
PAX1149,FL1167,2025-08-31 14:55:00,False,G11
PAX1150,FL1478,2025-09-07 02:57:00,True,G4
PAX1151,FL1109,2025-08-30 10:23:00,False,G2
PAX1152,FL1306,2025-09-03 13:14:00,False,G6
PAX1153,FL1458,2025-09-06 15:49:00,True,G10
PAX1154,FL1037,2025-08-28 22:37:00,True,G11
PAX1155,FL1220,2025-09-01 18:21:00,True,G16
PAX1156,FL1010,2025-08-28 09:01:00,True,G18
PAX1157,FL1363,2025-09-04 17:30:00,True,G5
PAX1158,FL1457,2025-09-06 15:24:00,True,G16
PAX1159,FL1391,2025-09-05 05:59:00,False,G15
PAX1160,FL1334,2025-09-04 02:45:00,False,G7
PAX1161,FL1313,2025-09-03 15:10:00,False,G2
PAX1162,FL1398,2025-09-05 10:10:00,True,G17
PAX1163,FL1018,2025-08-28 11:00:00,True,G2
PAX1164,FL1110,2025-08-30 09:30:00,True,G1
PAX1165,FL1289,2025-09-03 04:27:00,True,G1
PAX1166,FL1092,2025-08-30 01:13:00,False,G19
PAX1167,FL1071,2025-08-29 15:04:00,False,G5
PAX1168,FL1044,2025-08-29 01:25:00,False,G20
PAX1169,FL1323,2025-09-03 21:56:00,False,G7
PAX1170,FL1464,2025-09-06 18:08:00,False,G13
PAX1171,FL1393,2025-09-05 07:26:00,True,G15
PAX1172,FL1070,2025-08-29 13:18:00,True,G15
PAX1173,FL1360,2025-09-04 14:44:00,True,G9
PAX1174,FL1062,2025-08-29 09:46:00,True,G16
PAX1175,FL1216,2025-09-01 15:12:00,True,G2
PAX1176,FL1226,2025-09-01 20:12:00,False,G5
PAX1177,FL1006,2025-08-28 05:48:00,True,G19
PAX1178,FL1105,2025-08-30 07:17:00,False,G6
PAX1179,FL1171,2025-08-31 17:43:00,False,G17
PAX1180,FL1435,2025-09-06 05:29:00,False,G16
PAX1181,FL1399,2025-09-05 10:25:00,False,G6
PAX1182,FL1124,2025-08-30 16:05:00,False,G16
PAX1183,FL1021,2025-08-28 12:58:00,True,G14
PAX1184,FL1121,2025-08-30 15:02:00,True,G9
PAX1185,FL1087,2025-08-29 23:15:00,False,G3
PAX1186,FL1238,2025-09-02 02:45:00,False,G1
PAX1187,FL1395,2025-09-05 09:15:00,False,G5
PAX1188,FL1246,2025-09-02 07:10:00,False,G7
PAX1189,FL1206,2025-09-01 10:37:00,False,G15
PAX1190,FL1423,2025-09-05 23:04:00,False,G11
PAX1191,FL1432,2025-09-06 02:14:00,False,G8
PAX1192,FL1126,2025-08-30 17:52:00,False,G17
PAX1193,FL1050,2025-08-29 03:13:00,False,G17
PAX1194,FL1185,2025-09-01 00:21:00,False,G20
PAX1195,FL1416,2025-09-05 20:14:00,False,G5
PAX1196,FL1456,2025-09-06 14:02:00,False,G14
PAX1197,FL1245,2025-09-02 06:26:00,False,G4
PAX1198,FL1174,2025-08-31 18:48:00,False,G2
PAX1199,FL1243,2025-09-02 04:32:00,False,G14
PAX1200,FL1464,2025-09-06 20:12:00,True,G13
PAX1201,FL1032,2025-08-28 19:58:00,True,G16
PAX1202,FL1437,2025-09-06 05:13:00,False,G2
PAX1203,FL1494,2025-09-07 09:41:00,True,G16
PAX1204,FL1098,2025-08-30 04:10:00,False,G17
PAX1205,FL1009,2025-08-28 07:43:00,True,G18
PAX1206,FL1383,2025-09-05 02:34:00,True,G11
PAX1207,FL1371,2025-09-04 20:17:00,True,G12
PAX1208,FL1401,2025-09-05 12:19:00,False,G2
PAX1209,FL1114,2025-08-30 12:24:00,False,G1
PAX1210,FL1208,2025-09-01 10:45:00,True,G9
PAX1211,FL1491,2025-09-07 09:19:00,False,G8
PAX1212,FL1347,2025-09-04 07:46:00,True,G9
PAX1213,FL1089,2025-08-29 23:34:00,True,G10
PAX1214,FL1207,2025-09-01 10:23:00,False,G14
PAX1215,FL1313,2025-09-03 15:33:00,True,G2
PAX1216,FL1168,2025-08-31 15:25:00,True,G7
PAX1217,FL1237,2025-09-02 00:32:00,True,G4
PAX1218,FL1356,2025-09-04 12:00:00,True,G7
PAX1219,FL1277,2025-09-02 22:19:00,False,G17
PAX1220,FL1441,2025-09-06 07:27:00,True,G18
PAX1221,FL1487,2025-09-07 07:42:00,False,G10
PAX1222,FL1031,2025-08-28 19:35:00,True,G9
PAX1223,FL1159,2025-08-31 11:03:00,False,G16
PAX1224,FL1386,2025-09-05 04:30:00,True,G5
PAX1225,FL1063,2025-08-29 10:42:00,True,G6
PAX1226,FL1221,2025-09-01 17:21:00,True,G10
PAX1227,FL1191,2025-09-01 03:18:00,True,G14
PAX1228,FL1412,2025-09-05 16:07:00,True,G3
PAX1229,FL1186,2025-08-31 23:27:00,True,G11
PAX1230,FL1189,2025-09-01 00:54:00,True,G12
PAX1231,FL1374,2025-09-04 22:32:00,False,G10
PAX1232,FL1088,2025-08-29 23:12:00,True,G2
PAX1233,FL1219,2025-09-01 16:23:00,True,G6
PAX1234,FL1282,2025-09-03 00:31:00,False,G18
PAX1235,FL1493,2025-09-07 09:56:00,False,G11
PAX1236,FL1265,2025-09-02 15:03:00,True,G15
PAX1237,FL1377,2025-09-04 23:29:00,True,G14
PAX1238,FL1232,2025-09-02 00:27:00,True,G13
PAX1239,FL1323,2025-09-03 21:39:00,True,G7
PAX1240,FL1093,2025-08-30 02:22:00,False,G10
PAX1241,FL1410,2025-09-05 16:11:00,True,G2
PAX1242,FL1471,2025-09-06 22:26:00,False,G13
PAX1243,FL1194,2025-09-01 05:00:00,True,G13
PAX1244,FL1116,2025-08-30 13:08:00,False,G20
PAX1245,FL1443,2025-09-06 09:44:00,False,G17
PAX1246,FL1211,2025-09-01 12:47:00,True,G16
PAX1247,FL1177,2025-08-31 19:32:00,False,G18
PAX1248,FL1166,2025-08-31 13:16:00,False,G4
PAX1249,FL1332,2025-09-04 01:46:00,True,G20
PAX1250,FL1231,2025-09-01 22:03:00,True,G10
PAX1251,FL1203,2025-09-01 09:40:00,False,G14
PAX1252,FL1479,2025-09-07 02:13:00,False,G12
PAX1253,FL1003,2025-08-28 04:04:00,False,G6
PAX1254,FL1039,2025-08-28 23:46:00,False,G5
PAX1255,FL1461,2025-09-06 18:07:00,False,G11
PAX1256,FL1246,2025-09-02 05:25:00,False,G7
PAX1257,FL1138,2025-08-30 23:36:00,True,G1
PAX1258,FL1350,2025-09-04 09:11:00,True,G9
PAX1259,FL1480,2025-09-07 04:11:00,True,G18
PAX1260,FL1291,2025-09-03 03:55:00,False,G17
PAX1261,FL1274,2025-09-02 19:40:00,False,G2
PAX1262,FL1110,2025-08-30 10:00:00,True,G1
PAX1263,FL1290,2025-09-03 04:39:00,False,G20
PAX1264,FL1139,2025-08-31 00:33:00,False,G6
PAX1265,FL1337,2025-09-04 03:04:00,True,G11
PAX1266,FL1228,2025-09-01 21:22:00,False,G13
PAX1267,FL1251,2025-09-02 07:33:00,False,G4
PAX1268,FL1108,2025-08-30 08:25:00,True,G10
PAX1269,FL1277,2025-09-02 20:32:00,True,G17
PAX1270,FL1287,2025-09-03 02:01:00,False,G15
PAX1271,FL1441,2025-09-06 07:05:00,True,G18
PAX1272,FL1283,2025-09-03 01:02:00,False,G11
PAX1273,FL1279,2025-09-02 21:48:00,True,G7
PAX1274,FL1271,2025-09-02 18:58:00,True,G15
PAX1275,FL1303,2025-09-03 11:31:00,True,G16
PAX1276,FL1068,2025-08-29 12:34:00,False,G1
PAX1277,FL1175,2025-08-31 19:51:00,True,G12
PAX1278,FL1330,2025-09-03 23:37:00,True,G2
PAX1279,FL1489,2025-09-07 08:34:00,True,G11
PAX1280,FL1477,2025-09-07 01:53:00,True,G19
PAX1281,FL1285,2025-09-03 02:06:00,True,G17
PAX1282,FL1296,2025-09-03 07:33:00,True,G16
PAX1283,FL1374,2025-09-04 22:01:00,True,G10
PAX1284,FL1252,2025-09-02 08:42:00,False,G16
PAX1285,FL1042,2025-08-29 00:23:00,False,G8
PAX1286,FL1384,2025-09-05 02:49:00,False,G2
PAX1287,FL1420,2025-09-05 21:38:00,False,G7
PAX1288,FL1192,2025-09-01 02:23:00,False,G12
PAX1289,FL1142,2025-08-31 03:27:00,True,G7
PAX1290,FL1281,2025-09-02 23:05:00,False,G6
PAX1291,FL1181,2025-08-31 22:49:00,False,G15
PAX1292,FL1316,2025-09-03 16:22:00,True,G17
PAX1293,FL1139,2025-08-31 00:21:00,True,G6
PAX1294,FL1364,2025-09-04 18:02:00,True,G11
PAX1295,FL1332,2025-09-04 01:04:00,False,G20
PAX1296,FL1352,2025-09-04 12:10:00,False,G5
PAX1297,FL1298,2025-09-03 09:28:00,False,G1
PAX1298,FL1060,2025-08-29 09:19:00,False,G15
PAX1299,FL1447,2025-09-06 11:02:00,False,G15
PAX1300,FL1304,2025-09-03 10:16:00,False,G17
PAX1301,FL1011,2025-08-28 09:09:00,True,G8
PAX1302,FL1370,2025-09-04 19:23:00,False,G6
PAX1303,FL1196,2025-09-01 05:28:00,False,G7
PAX1304,FL1007,2025-08-28 05:53:00,False,G6
PAX1305,FL1403,2025-09-05 12:41:00,False,G19
PAX1306,FL1158,2025-08-31 09:58:00,True,G6
PAX1307,FL1395,2025-09-05 09:24:00,False,G5
PAX1308,FL1384,2025-09-05 03:07:00,True,G2
PAX1309,FL1444,2025-09-06 08:38:00,True,G1
PAX1310,FL1259,2025-09-02 13:17:00,True,G20
PAX1311,FL1443,2025-09-06 08:46:00,True,G17
PAX1312,FL1441,2025-09-06 08:25:00,False,G18
PAX1313,FL1178,2025-08-31 21:11:00,False,G13
PAX1314,FL1290,2025-09-03 03:10:00,True,G20
PAX1315,FL1210,2025-09-01 12:49:00,True,G12
PAX1316,FL1471,2025-09-06 22:39:00,False,G13
PAX1317,FL1326,2025-09-03 21:49:00,False,G2
PAX1318,FL1039,2025-08-28 23:40:00,True,G5
PAX1319,FL1229,2025-09-01 22:30:00,True,G9
PAX1320,FL1168,2025-08-31 15:29:00,False,G7
PAX1321,FL1499,2025-09-07 13:15:00,False,G16
PAX1322,FL1145,2025-08-31 04:36:00,True,G3
PAX1323,FL1347,2025-09-04 09:07:00,True,G9
PAX1324,FL1286,2025-09-03 01:45:00,False,G15
PAX1325,FL1459,2025-09-06 17:27:00,False,G13
PAX1326,FL1031,2025-08-28 18:58:00,True,G9
PAX1327,FL1316,2025-09-03 18:29:00,False,G17
PAX1328,FL1313,2025-09-03 15:42:00,False,G2
PAX1329,FL1341,2025-09-04 05:20:00,True,G3
PAX1330,FL1151,2025-08-31 05:58:00,False,G14
PAX1331,FL1092,2025-08-30 00:07:00,True,G19
PAX1332,FL1143,2025-08-31 02:57:00,True,G15
PAX1333,FL1276,2025-09-02 20:54:00,True,G14
PAX1334,FL1362,2025-09-04 16:34:00,True,G8
PAX1335,FL1356,2025-09-04 13:47:00,False,G7
PAX1336,FL1241,2025-09-02 03:24:00,True,G14
PAX1337,FL1097,2025-08-30 03:16:00,True,G10
PAX1338,FL1095,2025-08-30 01:30:00,True,G8
PAX1339,FL1485,2025-09-07 05:04:00,True,G7
PAX1340,FL1476,2025-09-07 01:02:00,False,G10
PAX1341,FL1337,2025-09-04 02:46:00,True,G11
PAX1342,FL1053,2025-08-29 05:02:00,False,G20
PAX1343,FL1278,2025-09-02 21:19:00,False,G6
PAX1344,FL1359,2025-09-04 14:41:00,True,G12
PAX1345,FL1051,2025-08-29 05:20:00,True,G18
PAX1346,FL1386,2025-09-05 04:06:00,False,G5
PAX1347,FL1384,2025-09-05 04:09:00,False,G2
PAX1348,FL1293,2025-09-03 05:56:00,True,G6
PAX1349,FL1403,2025-09-05 12:11:00,False,G19
PAX1350,FL1289,2025-09-03 03:30:00,True,G1
PAX1351,FL1191,2025-09-01 03:39:00,True,G14
PAX1352,FL1373,2025-09-04 21:49:00,False,G15
PAX1353,FL1140,2025-08-31 01:48:00,False,G5
PAX1354,FL1145,2025-08-31 04:32:00,True,G3
PAX1355,FL1161,2025-08-31 11:23:00,False,G13
PAX1356,FL1421,2025-09-05 23:00:00,True,G2
PAX1357,FL1382,2025-09-05 01:19:00,False,G11
PAX1358,FL1375,2025-09-04 22:10:00,False,G16
PAX1359,FL1086,2025-08-29 21:21:00,True,G17
PAX1360,FL1103,2025-08-30 06:24:00,False,G7
PAX1361,FL1252,2025-09-02 08:29:00,True,G16
PAX1362,FL1342,2025-09-04 06:54:00,True,G12
PAX1363,FL1365,2025-09-04 18:01:00,False,G2
PAX1364,FL1286,2025-09-03 02:38:00,True,G15
PAX1365,FL1338,2025-09-04 03:16:00,True,G12
PAX1366,FL1197,2025-09-01 06:45:00,True,G15
PAX1367,FL1232,2025-09-01 22:36:00,False,G13
PAX1368,FL1101,2025-08-30 06:31:00,False,G14
PAX1369,FL1455,2025-09-06 14:32:00,True,G20
PAX1370,FL1174,2025-08-31 19:30:00,False,G2
PAX1371,FL1384,2025-09-05 02:54:00,True,G2
PAX1372,FL1030,2025-08-28 18:09:00,True,G19
PAX1373,FL1423,2025-09-05 22:32:00,False,G11
PAX1374,FL1456,2025-09-06 15:32:00,True,G14
PAX1375,FL1432,2025-09-06 02:01:00,False,G8
PAX1376,FL1033,2025-08-28 18:54:00,True,G19
PAX1377,FL1366,2025-09-04 18:01:00,True,G12
PAX1378,FL1206,2025-09-01 11:10:00,False,G15
PAX1379,FL1336,2025-09-04 02:48:00,True,G15
PAX1380,FL1179,2025-08-31 20:14:00,False,G7
PAX1381,FL1217,2025-09-01 15:46:00,False,G9
PAX1382,FL1056,2025-08-29 06:36:00,True,G8
PAX1383,FL1037,2025-08-28 21:09:00,True,G11
PAX1384,FL1164,2025-08-31 12:42:00,True,G8
PAX1385,FL1130,2025-08-30 19:07:00,True,G1
PAX1386,FL1217,2025-09-01 14:36:00,False,G9
PAX1387,FL1400,2025-09-05 11:01:00,True,G6
PAX1388,FL1266,2025-09-02 17:21:00,True,G17
PAX1389,FL1343,2025-09-04 07:09:00,False,G20
PAX1390,FL1495,2025-09-07 09:39:00,True,G16
PAX1391,FL1378,2025-09-04 23:23:00,False,G2
PAX1392,FL1230,2025-09-01 23:23:00,True,G19
PAX1393,FL1061,2025-08-29 09:35:00,True,G16
PAX1394,FL1367,2025-09-04 19:51:00,False,G8
PAX1395,FL1151,2025-08-31 05:48:00,True,G14
PAX1396,FL1236,2025-09-02 02:25:00,False,G18
PAX1397,FL1223,2025-09-01 18:46:00,True,G20
PAX1398,FL1335,2025-09-04 02:10:00,True,G3
PAX1399,FL1063,2025-08-29 09:36:00,True,G6
PAX1400,FL1322,2025-09-03 19:40:00,False,G5
PAX1401,FL1132,2025-08-30 20:20:00,True,G19
PAX1402,FL1266,2025-09-02 16:14:00,True,G17
PAX1403,FL1025,2025-08-28 16:39:00,True,G4
PAX1404,FL1242,2025-09-02 04:56:00,True,G9
PAX1405,FL1374,2025-09-04 21:38:00,False,G10
PAX1406,FL1143,2025-08-31 03:29:00,False,G15
PAX1407,FL1136,2025-08-30 22:40:00,True,G20
PAX1408,FL1000,2025-08-28 03:35:00,True,G15
PAX1409,FL1236,2025-09-02 02:24:00,True,G18
PAX1410,FL1040,2025-08-29 00:17:00,False,G16
PAX1411,FL1035,2025-08-28 21:19:00,False,G1
PAX1412,FL1250,2025-09-02 07:56:00,False,G17
PAX1413,FL1265,2025-09-02 14:36:00,True,G15
PAX1414,FL1099,2025-08-30 04:40:00,False,G16
PAX1415,FL1199,2025-09-01 07:06:00,True,G10
PAX1416,FL1378,2025-09-05 00:59:00,True,G2
PAX1417,FL1121,2025-08-30 16:42:00,False,G9
PAX1418,FL1371,2025-09-04 21:30:00,False,G12
PAX1419,FL1058,2025-08-29 08:09:00,True,G3
PAX1420,FL1143,2025-08-31 02:49:00,True,G15
PAX1421,FL1407,2025-09-05 14:59:00,False,G9
PAX1422,FL1126,2025-08-30 19:05:00,False,G17
PAX1423,FL1323,2025-09-03 21:09:00,True,G7
PAX1424,FL1252,2025-09-02 10:12:00,True,G16
PAX1425,FL1491,2025-09-07 08:02:00,False,G8
PAX1426,FL1185,2025-08-31 22:36:00,True,G20
PAX1427,FL1360,2025-09-04 14:34:00,True,G9
PAX1428,FL1303,2025-09-03 11:40:00,False,G16
PAX1429,FL1136,2025-08-30 23:05:00,True,G20
PAX1430,FL1068,2025-08-29 14:16:00,False,G1
PAX1431,FL1407,2025-09-05 15:52:00,False,G9
PAX1432,FL1471,2025-09-06 22:34:00,False,G13
PAX1433,FL1471,2025-09-06 23:31:00,True,G13
PAX1434,FL1475,2025-09-07 00:48:00,False,G3
PAX1435,FL1042,2025-08-29 00:12:00,False,G8
PAX1436,FL1063,2025-08-29 09:44:00,False,G6
PAX1437,FL1402,2025-09-05 12:33:00,False,G14
PAX1438,FL1489,2025-09-07 06:35:00,True,G11
PAX1439,FL1025,2025-08-28 15:34:00,False,G4
PAX1440,FL1148,2025-08-31 05:57:00,False,G15
PAX1441,FL1169,2025-08-31 16:13:00,True,G15
PAX1442,FL1086,2025-08-29 23:04:00,True,G17
PAX1443,FL1296,2025-09-03 08:22:00,True,G16
PAX1444,FL1399,2025-09-05 10:33:00,False,G6
PAX1445,FL1186,2025-09-01 01:25:00,True,G11
PAX1446,FL1325,2025-09-03 22:24:00,True,G20
PAX1447,FL1066,2025-08-29 11:21:00,False,G9
PAX1448,FL1242,2025-09-02 03:11:00,True,G9
PAX1449,FL1071,2025-08-29 14:16:00,False,G5
PAX1450,FL1401,2025-09-05 11:08:00,True,G2
PAX1451,FL1150,2025-08-31 06:31:00,False,G13
PAX1452,FL1063,2025-08-29 10:23:00,False,G6
PAX1453,FL1174,2025-08-31 19:14:00,True,G2
PAX1454,FL1088,2025-08-30 00:05:00,True,G2
PAX1455,FL1149,2025-08-31 06:45:00,False,G18
PAX1456,FL1488,2025-09-07 06:14:00,False,G4
PAX1457,FL1406,2025-09-05 13:55:00,True,G7
PAX1458,FL1409,2025-09-05 16:28:00,False,G7
PAX1459,FL1319,2025-09-03 19:16:00,True,G5
PAX1460,FL1227,2025-09-01 21:28:00,True,G6
PAX1461,FL1089,2025-08-29 23:19:00,True,G10
PAX1462,FL1447,2025-09-06 09:44:00,False,G15
PAX1463,FL1128,2025-08-30 18:51:00,False,G5
PAX1464,FL1152,2025-08-31 06:46:00,True,G8
PAX1465,FL1070,2025-08-29 13:00:00,False,G15
PAX1466,FL1058,2025-08-29 09:20:00,True,G3
PAX1467,FL1250,2025-09-02 08:40:00,True,G17
PAX1468,FL1040,2025-08-28 22:42:00,False,G16
PAX1469,FL1101,2025-08-30 05:22:00,False,G14
PAX1470,FL1258,2025-09-02 12:54:00,True,G11
PAX1471,FL1189,2025-09-01 01:37:00,False,G12
PAX1472,FL1334,2025-09-04 01:07:00,False,G7
PAX1473,FL1114,2025-08-30 11:23:00,False,G1
PAX1474,FL1233,2025-09-01 23:09:00,False,G17
PAX1475,FL1294,2025-09-03 05:36:00,False,G3
PAX1476,FL1423,2025-09-05 23:27:00,True,G11
PAX1477,FL1362,2025-09-04 16:13:00,True,G8
PAX1478,FL1489,2025-09-07 08:01:00,True,G11
PAX1479,FL1427,2025-09-06 01:45:00,False,G10
PAX1480,FL1076,2025-08-29 16:23:00,False,G2
PAX1481,FL1261,2025-09-02 12:40:00,True,G20
PAX1482,FL1268,2025-09-02 17:53:00,True,G14
PAX1483,FL1473,2025-09-07 00:01:00,True,G6
PAX1484,FL1002,2025-08-28 05:30:00,False,G11
PAX1485,FL1187,2025-09-01 00:53:00,False,G10
PAX1486,FL1182,2025-08-31 21:14:00,False,G15
PAX1487,FL1336,2025-09-04 03:49:00,True,G15
PAX1488,FL1025,2025-08-28 14:35:00,True,G4
PAX1489,FL1246,2025-09-02 05:31:00,True,G7
PAX1490,FL1166,2025-08-31 14:32:00,True,G4
PAX1491,FL1465,2025-09-06 19:40:00,True,G10
PAX1492,FL1058,2025-08-29 09:26:00,True,G3
PAX1493,FL1486,2025-09-07 06:39:00,True,G1
PAX1494,FL1137,2025-08-30 23:24:00,False,G1
PAX1495,FL1175,2025-08-31 18:49:00,False,G12
PAX1496,FL1240,2025-09-02 02:42:00,True,G4
PAX1497,FL1192,2025-09-01 03:37:00,False,G12
PAX1498,FL1210,2025-09-01 12:16:00,True,G12
PAX1499,FL1284,2025-09-03 02:25:00,True,G1
