PassengerID,TrainID,TicketIssued,BoardingPassIssued,SeatNumber
P2000,T1111,True,True,6B
P2001,T1496,True,False,14C
P2002,T1441,True,False,18C
P2003,T1358,True,False,18D
P2004,T1243,True,False,5C
P2005,T1243,True,False,1A
P2006,T1430,True,True,9D
P2007,T1158,True,True,18B
P2008,T1439,False,False,1D
P2009,T1474,True,False,3B
P2010,T1152,True,True,15C
P2011,T1450,False,True,9A
P2012,T1421,False,False,14C
P2013,T1367,False,True,6C
P2014,T1259,True,False,14C
P2015,T1232,True,True,6D
P2016,T1405,True,True,13B
P2017,T1321,True,False,19A
P2018,T1056,True,True,17B
P2019,T1433,False,False,15D
P2020,T1447,True,False,6C
P2021,T1409,True,True,3D
P2022,T1188,True,False,13B
P2023,T1010,True,True,3D
P2024,T1101,True,True,2D
P2025,T1316,False,False,5A
P2026,T1490,True,True,19A
P2027,T1007,False,False,16A
P2028,T1114,True,True,9C
P2029,T1382,False,False,5D
P2030,T1438,True,True,10B
P2031,T1214,True,False,5A
P2032,T1148,True,True,20D
P2033,T1464,True,False,19D
P2034,T1043,True,False,5C
P2035,T1498,False,True,13D
P2036,T1376,True,True,4A
P2037,T1026,True,True,16C
P2038,T1310,True,True,9D
P2039,T1154,False,False,5A
P2040,T1297,True,False,6D
P2041,T1476,True,False,5A
P2042,T1162,False,True,9A
P2043,T1160,True,True,16C
P2044,T1382,True,False,10C
P2045,T1313,True,False,14B
P2046,T1161,False,True,18D
P2047,T1027,True,True,2B
P2048,T1093,True,False,9B
P2049,T1361,False,False,4D
P2050,T1020,False,False,18D
P2051,T1234,False,True,5A
P2052,T1178,True,True,10B
P2053,T1427,True,False,19B
P2054,T1298,True,True,14A
P2055,T1126,False,True,11A
P2056,T1145,True,False,12A
P2057,T1428,True,True,1A
P2058,T1235,False,False,9A
P2059,T1168,True,False,11B
P2060,T1108,True,False,11A
P2061,T1380,True,False,3D
P2062,T1130,True,True,13A
P2063,T1010,True,True,13D
P2064,T1145,True,True,10D
P2065,T1410,False,False,20B
P2066,T1183,True,False,17B
P2067,T1250,False,False,16C
P2068,T1288,False,True,14C
P2069,T1314,True,False,14A
P2070,T1020,True,False,8B
P2071,T1476,False,True,10D
P2072,T1223,True,False,10B
P2073,T1065,True,True,17D
P2074,T1151,True,True,2A
P2075,T1261,False,False,4D
P2076,T1338,True,False,9A
P2077,T1393,True,True,15B
P2078,T1402,True,False,2A
P2079,T1213,True,False,19D
P2080,T1387,False,False,11B
P2081,T1108,True,True,20C
P2082,T1446,True,False,18A
P2083,T1002,False,True,1B
P2084,T1335,False,False,13D
P2085,T1155,True,False,10A
P2086,T1064,True,True,7A
P2087,T1417,True,True,1B
P2088,T1246,True,True,14B
P2089,T1044,True,False,5D
P2090,T1216,True,True,6B
P2091,T1378,False,False,16A
P2092,T1440,False,True,7C
P2093,T1291,False,True,11A
P2094,T1052,False,False,16C
P2095,T1018,False,False,16D
P2096,T1118,True,True,14C
P2097,T1283,True,False,14D
P2098,T1059,False,False,15D
P2099,T1010,True,False,7D
P2100,T1176,False,True,17B
P2101,T1300,True,False,5C
P2102,T1370,False,False,12D
P2103,T1409,True,True,10A
P2104,T1341,False,True,6B
P2105,T1080,False,True,14D
P2106,T1155,True,True,18A
P2107,T1009,True,False,12B
P2108,T1089,True,True,11D
P2109,T1058,True,True,18B
P2110,T1249,True,False,12A
P2111,T1394,True,True,17A
P2112,T1361,True,False,15A
P2113,T1499,True,True,18A
P2114,T1259,True,True,4B
P2115,T1466,True,True,10D
P2116,T1390,False,True,5C
P2117,T1171,True,True,7D
P2118,T1496,False,True,8D
P2119,T1174,True,True,3C
P2120,T1190,False,False,8B
P2121,T1385,False,True,5D
P2122,T1211,False,False,17C
P2123,T1483,True,False,5A
P2124,T1367,True,True,11C
P2125,T1205,True,False,2D
P2126,T1388,True,True,19A
P2127,T1323,True,False,13C
P2128,T1369,True,False,1C
P2129,T1460,True,False,15B
P2130,T1454,False,False,13B
P2131,T1451,True,True,2C
P2132,T1199,True,False,7A
P2133,T1261,True,False,6A
P2134,T1014,True,True,10D
P2135,T1258,True,True,12C
P2136,T1321,True,True,2A
P2137,T1229,True,True,15C
P2138,T1120,True,False,10C
P2139,T1341,True,False,17B
P2140,T1053,True,True,12D
P2141,T1050,True,False,14A
P2142,T1047,True,False,5D
P2143,T1109,False,True,12D
P2144,T1301,False,False,19D
P2145,T1325,False,False,16D
P2146,T1421,True,True,17B
P2147,T1248,False,True,17A
P2148,T1355,True,False,16A
P2149,T1382,True,False,4D
P2150,T1056,True,False,19C
P2151,T1020,True,True,12C
P2152,T1191,True,False,16A
P2153,T1405,True,True,19D
P2154,T1024,True,False,7B
P2155,T1419,False,True,4C
P2156,T1034,True,False,16C
P2157,T1289,False,False,13D
P2158,T1427,True,True,17D
P2159,T1389,False,False,5C
P2160,T1045,False,False,8D
P2161,T1173,True,False,9A
P2162,T1443,True,True,19C
P2163,T1287,True,True,7A
P2164,T1490,True,False,17A
P2165,T1061,True,True,9B
P2166,T1125,False,True,18C
P2167,T1205,True,False,1C
P2168,T1223,True,False,1C
P2169,T1195,True,True,4A
P2170,T1277,True,False,5B
P2171,T1130,True,True,10D
P2172,T1347,True,True,20C
P2173,T1092,True,True,10D
P2174,T1050,True,True,14C
P2175,T1132,False,True,2B
P2176,T1122,True,False,17D
P2177,T1486,True,False,2C
P2178,T1237,False,True,16A
P2179,T1208,True,True,9A
P2180,T1126,True,False,19D
P2181,T1228,True,True,5C
P2182,T1276,True,True,18D
P2183,T1492,False,True,1D
P2184,T1492,True,True,1A
P2185,T1477,False,False,20C
P2186,T1429,False,False,7C
P2187,T1023,True,True,10A
P2188,T1202,True,True,18C
P2189,T1449,False,True,20C
P2190,T1452,True,False,15C
P2191,T1125,True,False,7D
P2192,T1491,True,True,5A
P2193,T1311,False,True,1B
P2194,T1211,False,False,18A
P2195,T1403,True,True,15A
P2196,T1180,False,False,13B
P2197,T1429,True,True,15C
P2198,T1479,True,False,1B
P2199,T1380,True,False,12B
P2200,T1046,True,True,8D
P2201,T1495,True,True,9D
P2202,T1463,True,True,7D
P2203,T1056,True,False,6B
P2204,T1337,True,True,19B
P2205,T1381,True,True,9B
P2206,T1451,True,True,1C
P2207,T1348,False,True,14A
P2208,T1437,True,False,14C
P2209,T1062,False,False,12A
P2210,T1452,True,True,9D
P2211,T1272,False,False,1D
P2212,T1099,True,True,19A
P2213,T1377,True,False,3B
P2214,T1100,True,False,10A
P2215,T1320,True,True,16D
P2216,T1413,True,False,9B
P2217,T1055,False,True,11A
P2218,T1420,True,True,3D
P2219,T1391,True,False,19A
P2220,T1043,True,True,13C
P2221,T1455,True,True,2D
P2222,T1028,True,False,3A
P2223,T1346,True,True,10D
P2224,T1205,True,False,8A
P2225,T1232,False,False,14A
P2226,T1173,True,False,17C
P2227,T1300,True,True,4A
P2228,T1304,True,True,19B
P2229,T1326,True,False,14D
P2230,T1371,False,True,8B
P2231,T1408,True,True,5C
P2232,T1299,False,False,10B
P2233,T1075,False,False,20C
P2234,T1149,True,True,17B
P2235,T1029,True,True,14C
P2236,T1100,True,True,3C
P2237,T1096,False,False,20C
P2238,T1436,True,False,14C
P2239,T1083,True,False,2D
P2240,T1112,True,True,8D
P2241,T1319,True,True,16C
P2242,T1413,False,True,13B
P2243,T1422,True,False,1A
P2244,T1183,True,True,5C
P2245,T1225,True,False,2A
P2246,T1101,True,False,6B
P2247,T1453,True,True,11B
P2248,T1091,True,True,6C
P2249,T1466,True,True,5D
P2250,T1335,True,False,7C
P2251,T1233,True,False,12B
P2252,T1481,False,True,4B
P2253,T1451,True,True,7D
P2254,T1355,True,False,20D
P2255,T1325,True,True,20B
P2256,T1437,True,True,11B
P2257,T1027,True,True,17D
P2258,T1107,True,False,20A
P2259,T1085,False,False,16D
P2260,T1091,True,False,17D
P2261,T1366,False,False,9D
P2262,T1326,True,True,8B
P2263,T1231,True,False,7C
P2264,T1217,False,True,12C
P2265,T1281,True,True,3C
P2266,T1227,True,True,19A
P2267,T1238,True,False,15D
P2268,T1221,False,False,16C
P2269,T1139,False,True,6D
P2270,T1119,True,True,12A
P2271,T1150,True,False,8A
P2272,T1060,True,False,2B
P2273,T1170,True,False,9C
P2274,T1381,True,True,20B
P2275,T1437,True,True,10C
P2276,T1421,True,False,13A
P2277,T1241,True,False,8B
P2278,T1370,True,False,8D
P2279,T1369,False,False,3C
P2280,T1433,True,False,14B
P2281,T1224,False,True,12B
P2282,T1295,True,False,1D
P2283,T1414,True,False,8D
P2284,T1217,False,False,11A
P2285,T1290,True,True,5C
P2286,T1290,False,False,7D
P2287,T1032,False,True,16A
P2288,T1168,False,False,3B
P2289,T1053,True,True,20D
P2290,T1013,True,True,3D
P2291,T1145,True,True,10A
P2292,T1232,True,False,17A
P2293,T1087,True,False,13B
P2294,T1056,True,False,16A
P2295,T1199,True,True,7C
P2296,T1221,False,True,20C
P2297,T1300,True,False,9B
P2298,T1003,True,False,3D
P2299,T1309,True,False,19D
P2300,T1235,False,True,3C
P2301,T1330,False,False,10D
P2302,T1313,True,False,8B
P2303,T1460,False,False,13B
P2304,T1357,True,False,2B
P2305,T1453,True,False,18C
P2306,T1341,True,True,16D
P2307,T1390,True,False,3A
P2308,T1258,True,False,15B
P2309,T1129,True,True,15A
P2310,T1037,False,False,11D
P2311,T1438,True,False,2A
P2312,T1128,True,True,11D
P2313,T1248,False,True,3B
P2314,T1365,False,True,16C
P2315,T1430,True,True,1A
P2316,T1090,True,True,18D
P2317,T1086,True,True,9B
P2318,T1225,True,True,7A
P2319,T1457,True,False,2A
P2320,T1199,True,False,2A
P2321,T1024,False,True,8C
P2322,T1465,True,True,3A
P2323,T1215,True,True,11B
P2324,T1348,True,True,4B
P2325,T1370,True,True,14A
P2326,T1417,True,False,18B
P2327,T1319,True,False,14A
P2328,T1118,True,True,12C
P2329,T1088,True,False,11A
P2330,T1199,True,False,8A
P2331,T1336,True,False,2A
P2332,T1453,True,False,10D
P2333,T1052,True,False,4C
P2334,T1323,False,True,11B
P2335,T1325,True,False,3C
P2336,T1009,False,False,17B
P2337,T1257,True,True,1A
P2338,T1158,True,False,8A
P2339,T1030,True,False,16C
P2340,T1103,True,False,7A
P2341,T1121,False,False,5C
P2342,T1162,True,False,10A
P2343,T1117,True,False,8B
P2344,T1276,True,True,8D
P2345,T1266,True,True,15A
P2346,T1033,False,True,7A
P2347,T1324,True,True,5A
P2348,T1088,True,True,17A
P2349,T1218,False,False,6B
P2350,T1125,False,True,20B
P2351,T1155,True,False,7C
P2352,T1441,False,True,12D
P2353,T1193,True,False,15D
P2354,T1258,False,True,16A
P2355,T1390,False,False,3C
P2356,T1304,True,True,9D
P2357,T1237,True,False,10D
P2358,T1287,False,True,11B
P2359,T1366,False,True,5B
P2360,T1002,True,False,16D
P2361,T1473,False,False,12D
P2362,T1250,True,True,14A
P2363,T1471,True,False,19B
P2364,T1099,False,False,12D
P2365,T1325,True,True,13D
P2366,T1376,True,True,16A
P2367,T1471,True,True,5C
P2368,T1309,False,True,9B
P2369,T1308,True,True,4A
P2370,T1329,False,False,19A
P2371,T1265,True,False,6D
P2372,T1129,True,False,19C
P2373,T1375,False,True,4C
P2374,T1416,True,False,7D
P2375,T1357,True,True,6D
P2376,T1000,True,True,14D
P2377,T1335,True,False,6B
P2378,T1191,True,True,7D
P2379,T1093,True,False,19B
P2380,T1095,True,True,6B
P2381,T1132,False,False,20A
P2382,T1444,True,True,10A
P2383,T1193,True,False,3C
P2384,T1015,True,False,16A
P2385,T1004,True,False,1A
P2386,T1049,True,True,13C
P2387,T1477,False,False,11D
P2388,T1172,True,False,11B
P2389,T1481,True,False,13A
P2390,T1499,True,False,4A
P2391,T1233,False,True,1A
P2392,T1444,True,True,12D
P2393,T1316,False,False,7A
P2394,T1326,True,True,12A
P2395,T1496,True,False,8D
P2396,T1204,True,False,14D
P2397,T1337,True,False,10B
P2398,T1364,True,True,5D
P2399,T1407,True,False,18D
P2400,T1086,False,True,16B
P2401,T1124,True,True,3A
P2402,T1222,True,True,11D
P2403,T1392,True,True,9D
P2404,T1487,True,True,18D
P2405,T1046,True,True,19A
P2406,T1329,True,False,13D
P2407,T1413,True,True,9A
P2408,T1148,True,True,3C
P2409,T1379,True,True,19C
P2410,T1065,True,False,19A
P2411,T1159,True,True,13D
P2412,T1163,True,True,17B
P2413,T1054,False,True,18D
P2414,T1161,True,False,8D
P2415,T1348,False,True,20C
P2416,T1074,True,False,10A
P2417,T1140,False,True,16C
P2418,T1360,False,True,11B
P2419,T1423,True,True,2B
P2420,T1438,False,False,10B
P2421,T1011,False,False,14D
P2422,T1178,False,False,3C
P2423,T1144,True,False,4B
P2424,T1165,True,False,15B
P2425,T1295,True,False,16C
P2426,T1459,True,True,7B
P2427,T1376,True,False,19A
P2428,T1347,True,False,14B
P2429,T1474,True,True,12D
P2430,T1091,True,True,17C
P2431,T1303,False,True,13B
P2432,T1017,True,True,13D
P2433,T1154,True,False,3D
P2434,T1442,False,False,15C
P2435,T1005,True,True,3A
P2436,T1250,True,True,19D
P2437,T1140,True,True,13D
P2438,T1330,False,False,19B
P2439,T1050,True,True,18B
P2440,T1207,True,False,18D
P2441,T1032,True,True,4B
P2442,T1441,True,True,18D
P2443,T1409,True,True,2B
P2444,T1294,True,True,3C
P2445,T1435,True,True,4C
P2446,T1186,True,False,1B
P2447,T1153,True,False,18D
P2448,T1071,False,False,17C
P2449,T1310,True,True,2B
P2450,T1018,True,True,10B
P2451,T1490,True,True,19C
P2452,T1142,True,False,3C
P2453,T1133,False,True,13D
P2454,T1042,True,False,5B
P2455,T1036,True,True,12B
P2456,T1214,True,False,14D
P2457,T1013,True,True,9A
P2458,T1272,True,False,3C
P2459,T1327,True,False,11C
P2460,T1074,True,False,1A
P2461,T1193,True,False,4A
P2462,T1089,True,False,4C
P2463,T1358,True,False,20A
P2464,T1459,True,True,11D
P2465,T1092,True,False,16B
P2466,T1132,True,True,5B
P2467,T1193,True,True,12B
P2468,T1347,False,False,6D
P2469,T1181,False,False,9D
P2470,T1266,True,False,3C
P2471,T1208,True,True,3A
P2472,T1373,True,True,6A
P2473,T1043,True,False,1D
P2474,T1346,True,False,16A
P2475,T1207,True,True,1D
P2476,T1359,True,True,17A
P2477,T1310,False,True,17B
P2478,T1089,True,False,5C
P2479,T1487,True,False,16D
P2480,T1087,True,True,11B
P2481,T1425,True,False,10D
P2482,T1150,True,True,1D
P2483,T1111,True,True,15D
P2484,T1029,True,True,20D
P2485,T1168,True,False,4A
P2486,T1179,True,False,12A
P2487,T1051,False,False,7A
P2488,T1270,True,False,4D
P2489,T1003,True,False,8D
P2490,T1202,True,False,12D
P2491,T1456,True,False,4D
P2492,T1336,False,True,5C
P2493,T1382,False,True,12B
P2494,T1056,True,False,2B
P2495,T1202,False,False,2B
P2496,T1341,True,False,9A
P2497,T1215,False,False,5C
P2498,T1384,False,False,5A
P2499,T1490,True,True,5B
